Date & Time,Average Wind Speed (m/s)
8/1/2021,10.66
8/1/2021 0:10,10.71
8/1/2021 0:20,10.53
8/1/2021 0:30,10.2
8/1/2021 0:40,10.34
8/1/2021 0:50,10.52
8/1/2021 1:00,10.65
8/1/2021 1:10,10.94
8/1/2021 1:20,10.84
8/1/2021 1:30,10.7
8/1/2021 1:40,10.73
8/1/2021 1:50,10.8
8/1/2021 2:00,11.02
8/1/2021 2:10,11.38
8/1/2021 2:20,11.49
8/1/2021 2:30,11.4
8/1/2021 2:40,11.03
8/1/2021 2:50,10.74
8/1/2021 3:00,10.62
8/1/2021 3:10,10.45
8/1/2021 3:20,10.35
8/1/2021 3:30,10.12
8/1/2021 3:40,9.92
8/1/2021 3:50,9.65
8/1/2021 4:00,9.45
8/1/2021 4:10,9.53
8/1/2021 4:20,9.56
8/1/2021 4:30,9.63
8/1/2021 4:40,9.56
8/1/2021 4:50,9.53
8/1/2021 5:00,9.18
8/1/2021 5:10,9.06
8/1/2021 5:20,9.3
8/1/2021 5:30,9.4
8/1/2021 5:40,9.25
8/1/2021 5:50,9
8/1/2021 6:00,8.93
8/1/2021 6:10,8.95
8/1/2021 6:20,8.83
8/1/2021 6:30,8.83
8/1/2021 6:40,8.51
8/1/2021 6:50,8.11
8/1/2021 7:00,7.72
8/1/2021 7:10,7.48
8/1/2021 7:20,7.45
8/1/2021 7:30,7.67
8/1/2021 7:40,7.53
8/1/2021 7:50,7.34
8/1/2021 8:00,7.56
8/1/2021 8:10,7.61
8/1/2021 8:20,7.36
8/1/2021 8:30,7.35
8/1/2021 8:40,7.43
8/1/2021 8:50,7.54
8/1/2021 9:00,7.36
8/1/2021 9:10,7.25
8/1/2021 9:20,7.1
8/1/2021 9:30,7.14
8/1/2021 9:40,7.14
8/1/2021 9:50,6.88
8/1/2021 10:00,6.68
8/1/2021 10:10,6.67
8/1/2021 10:20,6.68
8/1/2021 10:30,6.92
8/1/2021 10:40,7.15
8/1/2021 10:50,7.27
8/1/2021 11:00,7.35
8/1/2021 11:10,7.46
8/1/2021 11:20,7.55
8/1/2021 11:30,7.83
8/1/2021 11:40,8
8/1/2021 11:50,7.93
8/1/2021,8.07
8/1/2021 12:10,8.39
8/1/2021 12:20,8.4
8/1/2021 12:30,8.41
8/1/2021 12:40,8.73
8/1/2021 12:50,8.88
8/1/2021 13:00,8.58
8/1/2021 13:10,8.55
8/1/2021 13:20,8.59
8/1/2021 13:30,8.72
8/1/2021 13:40,8.59
8/1/2021 13:50,8.68
8/1/2021 14:00,8.84
8/1/2021 14:10,9.02
8/1/2021 14:20,9.21
8/1/2021 14:30,9.37
8/1/2021 14:40,9.17
8/1/2021 14:50,8.89
8/1/2021 15:00,8.98
8/1/2021 15:10,8.89
8/1/2021 15:20,9.11
8/1/2021 15:30,9.5
8/1/2021 15:40,9.76
8/1/2021 15:50,9.97
8/1/2021 16:00,10.05
8/1/2021 16:10,9.97
8/1/2021 16:20,10.26
8/1/2021 16:30,10.74
8/1/2021 16:40,10.79
8/1/2021 16:50,10.72
8/1/2021 17:00,10.56
8/1/2021 17:10,10.45
8/1/2021 17:20,10.35
8/1/2021 17:30,10.39
8/1/2021 17:40,10.4
8/1/2021 17:50,10.21
8/1/2021 18:00,10.16
8/1/2021 18:10,10.21
8/1/2021 18:20,10.22
8/1/2021 18:30,10.21
8/1/2021 18:40,10.34
8/1/2021 18:50,10.75
8/1/2021 19:00,10.67
8/1/2021 19:10,10.77
8/1/2021 19:20,10.86
8/1/2021 19:30,10.62
8/1/2021 19:40,10.59
8/1/2021 19:50,10.61
8/1/2021 20:00,10.81
8/1/2021 20:10,10.99
8/1/2021 20:20,10.9
8/1/2021 20:30,10.83
8/1/2021 20:40,10.74
8/1/2021 20:50,10.62
8/1/2021 21:00,10.36
8/1/2021 21:10,10.21
8/1/2021 21:20,10.19
8/1/2021 21:30,9.96
8/1/2021 21:40,10.01
8/1/2021 21:50,10.19
8/1/2021 22:00,10.3
8/1/2021 22:10,10.33
8/1/2021 22:20,10.69
8/1/2021 22:30,10.7
8/1/2021 22:40,10.6
8/1/2021 22:50,10.3
8/1/2021 23:00,10.22
8/1/2021 23:10,10.29
8/1/2021 23:20,10.33
8/1/2021 23:30,10.29
8/1/2021 23:40,10.21
8/1/2021 23:50,10.03
8/2/2021,9.86
8/2/2021 0:10,9.62
8/2/2021 0:20,9.22
8/2/2021 0:30,9.35
8/2/2021 0:40,9.5
8/2/2021 0:50,9.85
8/2/2021 1:00,9.69
8/2/2021 1:10,9.5
8/2/2021 1:20,9.34
8/2/2021 1:30,9.52
8/2/2021 1:40,9.76
8/2/2021 1:50,10.01
8/2/2021 2:00,9.91
8/2/2021 2:10,9.76
8/2/2021 2:20,9.74
8/2/2021 2:30,9.58
8/2/2021 2:40,9.61
8/2/2021 2:50,9.53
8/2/2021 3:00,9.19
8/2/2021 3:10,8.84
8/2/2021 3:20,9.07
8/2/2021 3:30,9.23
8/2/2021 3:40,8.99
8/2/2021 3:50,8.69
8/2/2021 4:00,8.34
8/2/2021 4:10,8.3
8/2/2021 4:20,8.09
8/2/2021 4:30,8.11
8/2/2021 4:40,8.11
8/2/2021 4:50,8.45
8/2/2021 5:00,8.69
8/2/2021 5:10,8.99
8/2/2021 5:20,9.08
8/2/2021 5:30,8.87
8/2/2021 5:40,9.02
8/2/2021 5:50,8.7
8/2/2021 6:00,8.61
8/2/2021 6:10,8.44
8/2/2021 6:20,8.66
8/2/2021 6:30,8.74
8/2/2021 6:40,8.54
8/2/2021 6:50,8.41
8/2/2021 7:00,8.4
8/2/2021 7:10,8.44
8/2/2021 7:20,8.54
8/2/2021 7:30,8.38
8/2/2021 7:40,8.62
8/2/2021 7:50,8.37
8/2/2021 8:00,8.07
8/2/2021 8:10,8.15
8/2/2021 8:20,8.39
8/2/2021 8:30,8.3
8/2/2021 8:40,8.58
8/2/2021 8:50,8.79
8/2/2021 9:00,8.56
8/2/2021 9:10,8.27
8/2/2021 9:20,8.23
8/2/2021 9:30,8.47
8/2/2021 9:40,8.65
8/2/2021 9:50,8.62
8/2/2021 10:00,8.87
8/2/2021 10:10,9.05
8/2/2021 10:20,8.74
8/2/2021 10:30,8.33
8/2/2021 10:40,8.35
8/2/2021 10:50,8.46
8/2/2021 11:00,8.38
8/2/2021 11:10,8.7
8/2/2021 11:20,9.08
8/2/2021 11:30,9.08
8/2/2021 11:40,8.66
8/2/2021 11:50,8.44
8/2/2021,8.51
8/2/2021 12:10,8.49
8/2/2021 12:20,8.51
8/2/2021 12:30,8.5
8/2/2021 12:40,8.54
8/2/2021 12:50,8.48
8/2/2021 13:00,8.62
8/2/2021 13:10,8.93
8/2/2021 13:20,8.87
8/2/2021 13:30,9.01
8/2/2021 13:40,9.42
8/2/2021 13:50,9.93
8/2/2021 14:00,9.79
8/2/2021 14:10,10
8/2/2021 14:20,10.35
8/2/2021 14:30,10.53
8/2/2021 14:40,10.56
8/2/2021 14:50,10.53
8/2/2021 15:00,10.53
8/2/2021 15:10,10.7
8/2/2021 15:20,10.85
8/2/2021 15:30,11.15
8/2/2021 15:40,11.21
8/2/2021 15:50,11.06
8/2/2021 16:00,10.93
8/2/2021 16:10,10.97
8/2/2021 16:20,11.09
8/2/2021 16:30,11.34
8/2/2021 16:40,11.86
8/2/2021 16:50,12.31
8/2/2021 17:00,12.2
8/2/2021 17:10,12.25
8/2/2021 17:20,12.64
8/2/2021 17:30,12.54
8/2/2021 17:40,12.35
8/2/2021 17:50,12.29
8/2/2021 18:00,12.22
8/2/2021 18:10,12.33
8/2/2021 18:20,12.93
8/2/2021 18:30,13.19
8/2/2021 18:40,13.43
8/2/2021 18:50,13.88
8/2/2021 19:00,14
8/2/2021 19:10,14.03
8/2/2021 19:20,14.16
8/2/2021 19:30,14.27
8/2/2021 19:40,14.29
8/2/2021 19:50,14.54
8/2/2021 20:00,14.43
8/2/2021 20:10,14.6
8/2/2021 20:20,14.67
8/2/2021 20:30,14.39
8/2/2021 20:40,14.43
8/2/2021 20:50,14.86
8/2/2021 21:00,14.79
8/2/2021 21:10,14.99
8/2/2021 21:20,14.98
8/2/2021 21:30,15.05
8/2/2021 21:40,15.13
8/2/2021 21:50,14.9
8/2/2021 22:00,14.8
8/2/2021 22:10,14.87
8/2/2021 22:20,14.97
8/2/2021 22:30,14.96
8/2/2021 22:40,14.96
8/2/2021 22:50,14.9
8/2/2021 23:00,14.89
8/2/2021 23:10,14.79
8/2/2021 23:20,14.66
8/2/2021 23:30,14.62
8/2/2021 23:40,14.34
8/2/2021 23:50,14.07
3/8/2021,14.04
8/3/2021 0:10,14.19
8/3/2021 0:20,14.28
8/3/2021 0:30,14.68
8/3/2021 0:40,14.85
8/3/2021 0:50,14.73
8/3/2021 1:00,14.6
8/3/2021 1:10,14.4
8/3/2021 1:20,14.01
8/3/2021 1:30,13.85
8/3/2021 1:40,14.04
8/3/2021 1:50,13.88
8/3/2021 2:00,13.98
8/3/2021 2:10,14.07
8/3/2021 2:20,13.77
8/3/2021 2:30,13.44
8/3/2021 2:40,13.26
8/3/2021 2:50,13.22
8/3/2021 3:00,13.47
8/3/2021 3:10,13.78
8/3/2021 3:20,13.62
8/3/2021 3:30,13.24
8/3/2021 3:40,13.01
8/3/2021 3:50,12.47
8/3/2021 4:00,12.09
8/3/2021 4:10,12.15
8/3/2021 4:20,12.53
8/3/2021 4:30,12.7
8/3/2021 4:40,12.59
8/3/2021 4:50,12.32
8/3/2021 5:00,11.94
8/3/2021 5:10,12.02
8/3/2021 5:20,11.99
8/3/2021 5:30,12.16
8/3/2021 5:40,12.18
8/3/2021 5:50,11.83
8/3/2021 6:00,11.59
8/3/2021 6:10,11.46
8/3/2021 6:20,11.46
8/3/2021 6:30,11.57
8/3/2021 6:40,11.85
8/3/2021 6:50,11.64
8/3/2021 7:00,11.31
8/3/2021 7:10,11.11
8/3/2021 7:20,10.87
8/3/2021 7:30,10.64
8/3/2021 7:40,10.34
8/3/2021 7:50,10.1
8/3/2021 8:00,9.98
8/3/2021 8:10,9.96
8/3/2021 8:20,10.05
8/3/2021 8:30,9.87
8/3/2021 8:40,9.94
8/3/2021 8:50,9.61
8/3/2021 9:00,9.21
8/3/2021 9:10,9.26
8/3/2021 9:20,9.19
8/3/2021 9:30,9.22
8/3/2021 9:40,9.12
8/3/2021 9:50,8.7
8/3/2021 10:00,8.67
8/3/2021 10:10,8.48
8/3/2021 10:20,8.42
8/3/2021 10:30,8.32
8/3/2021 10:40,8.59
8/3/2021 10:50,8.94
8/3/2021 11:00,8.88
8/3/2021 11:10,8.97
8/3/2021 11:20,8.71
8/3/2021 11:30,8.56
8/3/2021 11:40,8.63
8/3/2021 11:50,8.53
3/8/2021,8.48
8/3/2021 12:10,8.57
8/3/2021 12:20,8.77
8/3/2021 12:30,9
8/3/2021 12:40,8.88
8/3/2021 12:50,9
8/3/2021 13:00,9.11
8/3/2021 13:10,9.07
8/3/2021 13:20,8.71
8/3/2021 13:30,8.55
8/3/2021 13:40,8.43
8/3/2021 13:50,8.4
8/3/2021 14:00,8.53
8/3/2021 14:10,8.46
8/3/2021 14:20,8.55
8/3/2021 14:30,8.56
8/3/2021 14:40,8.65
8/3/2021 14:50,8.62
8/3/2021 15:00,8.44
8/3/2021 15:10,8.26
8/3/2021 15:20,8.78
8/3/2021 15:30,9.16
8/3/2021 15:40,9.31
8/3/2021 15:50,9.42
8/3/2021 16:00,9.87
8/3/2021 16:10,10.11
8/3/2021 16:20,10.49
8/3/2021 16:30,10.84
8/3/2021 16:40,10.96
8/3/2021 16:50,11.08
8/3/2021 17:00,11.19
8/3/2021 17:10,11.08
8/3/2021 17:20,10.81
8/3/2021 17:30,11.14
8/3/2021 17:40,11.48
8/3/2021 17:50,11.6
8/3/2021 18:00,11.66
8/3/2021 18:10,11.65
8/3/2021 18:20,11.88
8/3/2021 18:30,12.18
8/3/2021 18:40,12.6
8/3/2021 18:50,13.08
8/3/2021 19:00,13.12
8/3/2021 19:10,13.16
8/3/2021 19:20,12.75
8/3/2021 19:30,12.6
8/3/2021 19:40,12.69
8/3/2021 19:50,12.85
8/3/2021 20:00,12.91
8/3/2021 20:10,12.62
8/3/2021 20:20,12.59
8/3/2021 20:30,12.76
8/3/2021 20:40,12.67
8/3/2021 20:50,12.72
8/3/2021 21:00,12.71
8/3/2021 21:10,12.66
8/3/2021 21:20,13.06
8/3/2021 21:30,13.13
8/3/2021 21:40,12.96
8/3/2021 21:50,12.94
8/3/2021 22:00,13.13
8/3/2021 22:10,13.2
8/3/2021 22:20,13.46
8/3/2021 22:30,13.36
8/3/2021 22:40,13.19
8/3/2021 22:50,13.23
8/3/2021 23:00,13.13
8/3/2021 23:10,12.75
8/3/2021 23:20,12.64
8/3/2021 23:30,12.37
8/3/2021 23:40,12.39
8/3/2021 23:50,12.24
4/8/2021,12.44
8/4/2021 0:10,12.56
8/4/2021 0:20,12.67
8/4/2021 0:30,12.66
8/4/2021 0:40,12.6
8/4/2021 0:50,12.61
8/4/2021 1:00,12.92
8/4/2021 1:10,12.8
8/4/2021 1:20,12.31
8/4/2021 1:30,12.46
8/4/2021 1:40,12.83
8/4/2021 1:50,12.75
8/4/2021 2:00,12.46
8/4/2021 2:10,12.31
8/4/2021 2:20,12.16
8/4/2021 2:30,11.93
8/4/2021 2:40,11.7
8/4/2021 2:50,11.71
8/4/2021 3:00,11.53
8/4/2021 3:10,11.55
8/4/2021 3:20,11.46
8/4/2021 3:30,11.38
8/4/2021 3:40,11.36
8/4/2021 3:50,11.31
8/4/2021 4:00,11.44
8/4/2021 4:10,11.48
8/4/2021 4:20,11.3
8/4/2021 4:30,11.3
8/4/2021 4:40,11.37
8/4/2021 4:50,11.17
8/4/2021 5:00,11.29
8/4/2021 5:10,11.27
8/4/2021 5:20,10.99
8/4/2021 5:30,10.82
8/4/2021 5:40,10.32
8/4/2021 5:50,10.08
8/4/2021 6:00,9.45
8/4/2021 6:10,8.7
8/4/2021 6:20,8.44
8/4/2021 15:50,11.1
8/4/2021 16:00,11.12
8/4/2021 16:10,11
8/4/2021 16:20,10.84
8/4/2021 16:30,10.8
8/4/2021 16:40,10.71
8/4/2021 16:50,10.87
8/4/2021 17:00,11.25
8/4/2021 17:10,11.45
8/4/2021 17:20,11.22
8/4/2021 17:30,10.97
8/4/2021 17:40,10.73
8/4/2021 17:50,10.57
8/4/2021 18:00,10.9
8/4/2021 18:10,11.22
8/4/2021 18:20,11.53
8/4/2021 18:30,11.69
8/4/2021 18:40,11.77
8/4/2021 18:50,11.91
8/4/2021 19:00,11.97
8/4/2021 19:10,11.96
8/4/2021 19:20,11.74
8/4/2021 19:30,11.52
8/4/2021 19:40,11.33
8/4/2021 19:50,11.39
8/4/2021 20:00,11.66
8/4/2021 20:10,12.09
8/4/2021 20:20,12.38
8/4/2021 20:30,12.82
8/4/2021 20:40,13.07
8/4/2021 20:50,13.06
8/4/2021 21:00,12.93
8/4/2021 21:10,12.92
8/4/2021 21:20,13.09
8/4/2021 21:30,12.93
8/4/2021 21:40,12.74
8/4/2021 21:50,12.77
8/4/2021 22:00,12.62
8/4/2021 22:10,12.61
8/4/2021 22:20,12.74
8/4/2021 22:30,12.5
8/4/2021 22:40,12.29
8/4/2021 22:50,12.34
8/4/2021 23:00,12.23
8/4/2021 23:10,12.02
8/4/2021 23:20,11.89
8/4/2021 23:30,12.12
8/4/2021 23:40,12.15
8/4/2021 23:50,12.19
5/8/2021,12.07
8/5/2021 0:10,12.49
8/5/2021 0:20,12.54
8/5/2021 0:30,12.16
8/5/2021 0:40,11.81
8/5/2021 0:50,11.6
8/5/2021 1:00,11.28
8/5/2021 1:10,11.23
8/5/2021 1:20,11.35
8/5/2021 1:30,11.34
8/5/2021 1:40,11.59
8/5/2021 1:50,11.76
8/5/2021 2:00,11.51
8/5/2021 2:10,11.12
8/5/2021 2:20,11.19
8/5/2021 2:30,11.29
8/5/2021 2:40,10.97
8/5/2021 2:50,10.66
8/5/2021 3:00,10.82
8/5/2021 3:10,10.88
8/5/2021 3:20,11.1
8/5/2021 3:30,10.68
8/5/2021 3:40,10.13
8/5/2021 3:50,9.67
8/5/2021 4:00,9.93
8/5/2021 4:10,10.21
8/5/2021 4:20,9.73
8/5/2021 4:30,9.21
8/5/2021 4:40,8.88
8/5/2021 4:50,8.9
8/5/2021 5:00,8.69
8/5/2021 5:10,8.9
8/5/2021 5:20,9.21
8/5/2021 5:30,9.03
8/5/2021 5:40,8.74
8/5/2021 5:50,8.45
8/5/2021 6:00,8.4
8/5/2021 6:10,8.68
8/5/2021 6:20,8.88
8/5/2021 6:30,9.07
8/5/2021 6:40,9.37
8/5/2021 6:50,9.57
8/5/2021 7:00,9.1
8/5/2021 7:10,9.02
8/5/2021 7:20,9.43
8/5/2021 7:30,9.72
8/5/2021 7:40,9.58
8/5/2021 7:50,9.42
8/5/2021 8:00,9.93
8/5/2021 8:10,9.91
8/5/2021 8:20,9.64
8/5/2021 8:30,9.52
8/5/2021 8:40,9.51
8/5/2021 8:50,9.59
8/5/2021 9:00,9.72
8/5/2021 9:10,9.6
8/5/2021 9:20,9.85
8/5/2021 9:30,10.14
8/5/2021 9:40,10.12
8/5/2021 9:50,10.02
8/5/2021 10:00,9.92
8/5/2021 10:10,9.83
8/5/2021 10:20,10.11
8/5/2021 10:30,10.01
8/5/2021 10:40,9.83
8/5/2021 10:50,10
8/5/2021 11:00,10.23
8/5/2021 11:10,10.38
8/5/2021 11:20,10.53
8/5/2021 11:30,10.36
8/5/2021 11:40,10.27
8/5/2021 11:50,10.44
8/5/2021 12:00,10.61
8/5/2021 12:10,10.6
8/5/2021 12:20,10.61
8/5/2021 12:30,10.92
8/5/2021 12:40,10.86
8/5/2021 12:50,10.56
8/5/2021 13:00,10.79
8/5/2021 13:10,10.45
8/5/2021 13:20,10.75
8/5/2021 13:30,10.49
8/5/2021 13:40,10.38
8/5/2021 13:50,10.41
8/5/2021 14:00,10.35
8/5/2021 14:10,10.42
8/5/2021 14:20,10.33
8/5/2021 14:30,10.53
8/5/2021 14:40,10.92
8/5/2021 14:50,11.21
8/5/2021 15:00,11.4
8/5/2021 15:10,11.54
8/5/2021 15:20,11.04
8/5/2021 15:30,11.25
8/5/2021 15:40,11.1
8/5/2021 15:50,10.88
8/5/2021 16:00,11
8/5/2021 16:10,10.9
8/5/2021 16:20,10.64
8/5/2021 16:30,10.62
8/5/2021 16:40,10.92
8/5/2021 16:50,11.42
8/5/2021 17:00,11.9
8/5/2021 17:10,12.34
8/5/2021 17:20,12.53
8/5/2021 17:30,12.18
8/5/2021 17:40,12.06
8/5/2021 17:50,11.9
8/5/2021 18:00,11.71
8/5/2021 18:10,12.16
8/5/2021 18:20,12.51
8/5/2021 18:30,12.42
8/5/2021 18:40,12.31
8/5/2021 18:50,12.12
8/5/2021 19:00,12
8/5/2021 19:10,11.62
8/5/2021 19:20,11.53
8/5/2021 19:30,11.66
8/5/2021 19:40,11.74
8/5/2021 19:50,11.99
8/5/2021 20:00,12.61
8/5/2021 20:10,12.8
8/5/2021 20:20,12.62
8/5/2021 20:30,12.32
8/5/2021 20:40,12.45
8/5/2021 20:50,12.7
8/5/2021 21:00,12.56
8/5/2021 21:10,12.32
8/5/2021 21:20,12.07
8/5/2021 21:30,12
8/5/2021 21:40,12.08
8/5/2021 21:50,11.89
8/5/2021 22:00,12.23
8/5/2021 22:10,12.31
8/5/2021 22:20,11.97
8/5/2021 22:30,11.65
8/5/2021 22:40,11.55
8/5/2021 22:50,11.45
8/5/2021 23:00,11.39
8/5/2021 23:10,11.08
8/5/2021 23:20,10.54
8/5/2021 23:30,10.32
8/5/2021 23:40,10.06
8/5/2021 23:50,9.75
6/8/2021,9.51
8/6/2021 0:10,9.45
8/6/2021 0:20,9.13
8/6/2021 0:30,8.59
8/6/2021 0:40,8.22
8/6/2021 0:50,7.92
8/6/2021 1:00,7.72
8/6/2021 1:10,7.89
8/6/2021 1:20,7.95
8/6/2021 1:30,8.02
8/6/2021 1:40,8.07
8/6/2021 1:50,7.85
8/6/2021 2:00,7.54
8/6/2021 2:10,7.31
8/6/2021 2:20,7.37
8/6/2021 2:30,7.52
8/6/2021 2:40,7.69
8/6/2021 2:50,7.55
8/6/2021 3:00,7.43
8/6/2021 3:10,7.52
8/6/2021 3:20,7.72
8/6/2021 3:30,7.71
8/6/2021 3:40,7.61
8/6/2021 3:50,7.52
8/6/2021 4:00,7.2
8/6/2021 4:10,6.88
8/6/2021 4:20,7.01
8/6/2021 4:30,7.14
8/6/2021 4:40,6.97
8/6/2021 4:50,7
8/6/2021 5:00,7.12
8/6/2021 5:10,7.26
8/6/2021 5:20,7.78
8/6/2021 5:30,8
8/6/2021 5:40,8.2
8/6/2021 5:50,8.29
8/6/2021 6:00,8.13
8/6/2021 6:10,7.9
8/6/2021 6:20,7.52
8/6/2021 6:30,7.51
8/6/2021 6:40,7.41
8/6/2021 6:50,7.54
8/6/2021 7:00,7.62
8/6/2021 7:10,7.41
8/6/2021 7:20,7.23
8/6/2021 7:30,6.87
8/6/2021 7:40,6.94
8/6/2021 7:50,6.75
8/6/2021 8:00,6.73
8/6/2021 8:10,6.77
8/6/2021 8:20,6.89
8/6/2021 8:30,6.82
8/6/2021 8:40,6.67
8/6/2021 8:50,6.63
8/6/2021 9:00,6.96
8/6/2021 9:10,7.05
8/6/2021 9:20,7.08
8/6/2021 9:30,7.3
8/6/2021 9:40,7.21
8/6/2021 9:50,7.02
8/6/2021 10:00,6.89
8/6/2021 10:10,6.96
8/6/2021 10:20,7.14
8/6/2021 10:30,7.03
8/6/2021 10:40,6.89
8/6/2021 10:50,6.81
8/6/2021 11:00,6.91
8/6/2021 11:10,6.87
8/6/2021 11:20,6.82
8/6/2021 11:30,6.88
8/6/2021 11:40,7.07
8/6/2021 11:50,7.4
8/6/2021 12:00,7.97
8/6/2021 12:10,8.18
8/6/2021 12:20,8.27
8/6/2021 12:30,8.34
8/6/2021 12:40,8.31
8/6/2021 12:50,8.22
8/6/2021 13:00,8.43
8/6/2021 13:10,8.8
8/6/2021 13:20,8.79
8/6/2021 13:30,9.11
8/6/2021 13:40,9.15
8/6/2021 13:50,8.97
8/6/2021 14:00,9.01
8/6/2021 14:10,9.07
8/6/2021 14:20,8.75
8/6/2021 14:30,8.78
8/6/2021 14:40,8.69
8/6/2021 14:50,8.64
8/6/2021 15:00,8.56
8/6/2021 15:10,8.26
8/6/2021 15:20,8.19
8/6/2021 15:30,7.66
8/6/2021 15:40,7.32
8/6/2021 15:50,7.27
8/6/2021 16:00,7.34
8/6/2021 16:10,7.75
8/6/2021 16:20,8.03
8/6/2021 16:30,8.65
8/6/2021 16:40,8.9
8/6/2021 16:50,8.83
8/6/2021 17:00,9.4
8/6/2021 17:10,10.18
8/6/2021 17:20,10.53
8/6/2021 17:30,10.52
8/6/2021 17:40,10.95
8/6/2021 17:50,11.34
8/6/2021 18:00,11.43
8/6/2021 18:10,11.63
8/6/2021 18:20,12.27
8/6/2021 18:30,12.45
8/6/2021 18:40,12.65
8/6/2021 18:50,12.53
8/6/2021 19:00,12.34
8/6/2021 19:10,12.7
8/6/2021 19:20,12.72
8/6/2021 19:30,12.23
8/6/2021 19:40,11.75
8/6/2021 19:50,11.31
8/6/2021 20:00,11.33
8/6/2021 20:10,11.48
8/6/2021 20:20,11.76
8/6/2021 20:30,11.73
8/6/2021 20:40,11.31
8/6/2021 20:50,10.86
8/6/2021 21:00,10.67
8/6/2021 21:10,10.75
8/6/2021 21:20,10.75
8/6/2021 21:30,10.63
8/6/2021 21:40,10.47
8/6/2021 21:50,10.26
8/6/2021 22:00,9.82
8/6/2021 22:10,9.76
8/6/2021 22:20,10.14
8/6/2021 22:30,10.26
8/6/2021 22:40,10.24
8/6/2021 22:50,10.12
8/6/2021 23:00,10.03
8/6/2021 23:10,9.58
8/6/2021 23:20,9.26
8/6/2021 23:30,9.35
8/6/2021 23:40,9.58
8/6/2021 23:50,9.59
7/8/2021,9.61
8/7/2021 0:10,10.04
8/7/2021 0:20,10.13
8/7/2021 0:30,10.37
8/7/2021 0:40,10.57
8/7/2021 0:50,10.41
8/7/2021 1:00,10.01
8/7/2021 1:10,9.85
8/7/2021 1:20,10.04
8/7/2021 1:30,9.8
8/7/2021 1:40,9.39
8/7/2021 1:50,9.23
8/7/2021 2:00,9.27
8/7/2021 2:10,8.96
8/7/2021 2:20,8.73
8/7/2021 2:30,8.61
8/7/2021 2:40,8.91
8/7/2021 2:50,9.34
8/7/2021 3:00,9.49
8/7/2021 3:10,9.37
8/7/2021 3:20,9.58
8/7/2021 3:30,9.86
8/7/2021 3:40,9.88
8/7/2021 3:50,10.08
8/7/2021 4:00,10.49
8/7/2021 4:10,10.3
8/7/2021 4:20,10.08
8/7/2021 4:30,10.19
8/7/2021 4:40,9.75
8/7/2021 4:50,9.26
8/7/2021 5:00,8.81
8/7/2021 5:10,8.22
8/7/2021 5:20,7.98
8/7/2021 5:30,8.23
8/7/2021 5:40,8.66
8/7/2021 5:50,8.92
8/7/2021 6:00,9.13
8/7/2021 6:10,9.11
8/7/2021 6:20,9.09
8/7/2021 6:30,8.88
8/7/2021 6:40,8.76
8/7/2021 6:50,8.7
8/7/2021 7:00,8.9
8/7/2021 7:10,8.54
8/7/2021 7:20,8.18
8/7/2021 7:30,8.19
8/7/2021 7:40,8.09
8/7/2021 7:50,7.59
8/7/2021 8:00,7.34
8/7/2021 8:10,7.47
8/7/2021 8:20,7.58
8/7/2021 8:30,7.67
8/7/2021 8:40,7.46
8/7/2021 8:50,6.86
8/7/2021 9:00,6.61
8/7/2021 9:10,6.56
8/7/2021 9:20,6.52
8/7/2021 9:30,6.57
8/7/2021 9:40,6.84
8/7/2021 9:50,6.69
8/7/2021 10:00,6.52
8/7/2021 10:10,6.23
8/7/2021 10:20,5.99
8/7/2021 10:30,6.16
8/7/2021 10:40,6.48
8/7/2021 10:50,6.62
8/7/2021 11:00,6.84
8/7/2021 11:10,6.99
8/7/2021 11:20,7.07
8/7/2021 11:30,7.15
8/7/2021 11:40,7.26
8/7/2021 11:50,7.52
8/7/2021 12:00,7.95
8/7/2021 12:10,8.05
8/7/2021 12:20,7.5
8/7/2021 12:30,6.89
8/7/2021 12:40,6.57
8/7/2021 12:50,6.44
8/7/2021 13:00,6.13
8/7/2021 13:10,6.11
8/7/2021 13:20,6.21
8/7/2021 13:30,6.08
8/7/2021 13:40,5.68
8/7/2021 13:50,4.95
8/7/2021 14:00,4.72
8/7/2021 14:10,5.07
8/7/2021 14:20,5.26
8/7/2021 14:30,5.47
8/7/2021 14:40,5.74
8/7/2021 14:50,5.93
8/7/2021 15:00,6.04
8/7/2021 15:10,5.83
8/7/2021 15:20,5.58
8/7/2021 15:30,5.29
8/7/2021 15:40,5.08
8/7/2021 15:50,4.96
8/7/2021 16:00,4.92
8/7/2021 16:10,4.91
8/7/2021 16:20,5.35
8/7/2021 16:30,5.78
8/7/2021 16:40,5.64
8/7/2021 16:50,5.59
8/7/2021 17:00,6.14
8/7/2021 17:10,6.39
8/7/2021 17:20,7.06
8/7/2021 17:30,7.4
8/7/2021 17:40,8.11
8/7/2021 17:50,8.03
8/7/2021 18:00,8.09
8/7/2021 18:10,8.02
8/7/2021 18:20,8.21
8/7/2021 18:30,8.67
8/7/2021 18:40,8.52
8/7/2021 18:50,8.35
8/7/2021 19:00,8.96
8/7/2021 19:10,9.24
8/7/2021 19:20,9.3
8/7/2021 19:30,9.12
8/7/2021 19:40,9.21
8/7/2021 19:50,9.53
8/7/2021 20:00,10.31
8/7/2021 20:10,10.55
8/7/2021 20:20,10.37
8/7/2021 20:30,10.61
8/7/2021 20:40,10.81
8/7/2021 20:50,10.4
8/7/2021 21:00,10.1
8/7/2021 21:10,10.05
8/7/2021 21:20,10.06
8/7/2021 21:30,9.95
8/7/2021 21:40,10
8/7/2021 21:50,10.16
8/7/2021 22:00,10.37
8/7/2021 22:10,10.3
8/7/2021 22:20,9.88
8/7/2021 22:30,9.65
8/7/2021 22:40,9.43
8/7/2021 22:50,9.15
8/7/2021 23:00,8.84
8/7/2021 23:10,8.83
8/7/2021 23:20,8.98
8/7/2021 23:30,8.89
8/7/2021 23:40,8.66
8/7/2021 23:50,8.37
8/8/2021,7.99
8/8/2021 0:10,7.98
8/8/2021 0:20,7.68
8/8/2021 0:30,7.48
8/8/2021 0:40,7.41
8/8/2021 0:50,7.48
8/8/2021 1:00,7.35
8/8/2021 1:10,7.75
8/8/2021 1:20,8.21
8/8/2021 1:30,8.71
8/8/2021 1:40,8.99
8/8/2021 1:50,8.92
8/8/2021 2:00,8.8
8/8/2021 2:10,8.81
8/8/2021 2:20,8.91
8/8/2021 2:30,8.87
8/8/2021 2:40,8.56
8/8/2021 2:50,8.44
8/8/2021 3:00,8.27
8/8/2021 3:10,8.2
8/8/2021 3:20,8.22
8/8/2021 3:30,8.44
8/8/2021 3:40,8.43
8/8/2021 3:50,8.66
8/8/2021 4:00,9.25
8/8/2021 4:10,9.61
8/8/2021 4:20,9.92
8/8/2021 4:30,10.05
8/8/2021 4:40,10.16
8/8/2021 4:50,10.27
8/8/2021 5:00,10.22
8/8/2021 5:10,10.07
8/8/2021 5:20,10.26
8/8/2021 5:30,10.37
8/8/2021 5:40,10.33
8/8/2021 5:50,9.94
8/8/2021 6:00,9.34
8/8/2021 6:10,9.05
8/8/2021 6:20,8.65
8/8/2021 6:30,8.6
8/8/2021 6:40,8.69
8/8/2021 6:50,8.78
8/8/2021 7:00,8.87
8/8/2021 7:10,8.42
8/8/2021 7:20,7.9
8/8/2021 7:30,7.64
8/8/2021 7:40,7.71
8/8/2021 7:50,8.07
8/8/2021 8:00,8.34
8/8/2021 8:10,8.38
8/8/2021 8:20,8.32
8/8/2021 8:30,8.42
8/8/2021 8:40,8.24
8/8/2021 8:50,8
8/8/2021 9:00,8.01
8/8/2021 9:10,8.06
8/8/2021 9:20,7.93
8/8/2021 9:30,7.94
8/8/2021 9:40,8
8/8/2021 9:50,8.34
8/8/2021 10:00,8.5
8/8/2021 10:10,8.45
8/8/2021 10:20,8.46
8/8/2021 10:30,8.44
8/8/2021 10:40,8.17
8/8/2021 10:50,7.84
8/8/2021 11:00,7.8
8/8/2021 11:10,8.11
8/8/2021 11:20,8.43
8/8/2021 11:30,8.73
8/8/2021 11:40,9.26
8/8/2021 11:50,9.47
8/8/2021 12:00,9.73
8/8/2021 12:10,9.97
8/8/2021 12:20,9.53
8/8/2021 12:30,8.89
8/8/2021 12:40,8.72
8/8/2021 12:50,9.13
8/8/2021 13:00,9.45
8/8/2021 13:10,9.84
8/8/2021 13:20,9.97
8/8/2021 13:30,9.96
8/8/2021 13:40,9.33
8/8/2021 13:50,8.83
8/8/2021 14:00,8.89
8/8/2021 14:10,8.75
8/8/2021 14:20,8.96
8/8/2021 14:30,8.86
8/8/2021 14:40,8.83
8/8/2021 14:50,8.85
8/8/2021 15:00,9.15
8/8/2021 15:10,9.4
8/8/2021 15:20,9.62
8/8/2021 15:30,9.94
8/8/2021 15:40,10.27
8/8/2021 15:50,10.39
8/8/2021 16:00,10.66
8/8/2021 16:10,10.74
8/8/2021 16:20,10.72
8/8/2021 16:30,10.49
8/8/2021 16:40,10.41
8/8/2021 16:50,10.13
8/8/2021 17:00,10.38
8/8/2021 17:10,10.7
8/8/2021 17:20,10.81
8/8/2021 17:30,10.66
8/8/2021 17:40,10.74
8/8/2021 17:50,10.98
8/8/2021 18:00,11.15
8/8/2021 18:10,11.1
8/8/2021 18:20,11.13
8/8/2021 18:30,11.59
8/8/2021 18:40,11.95
8/8/2021 18:50,11.94
8/8/2021 19:00,11.88
8/8/2021 19:10,11.7
8/8/2021 19:20,11.65
8/8/2021 19:30,11.58
8/8/2021 19:40,11.91
8/8/2021 19:50,12.51
8/8/2021 20:00,12.44
8/8/2021 20:10,12.98
8/8/2021 20:20,13.8
8/8/2021 20:30,14.09
8/8/2021 20:40,14.25
8/8/2021 20:50,13.78
8/8/2021 21:00,13.36
8/8/2021 21:10,13.11
8/8/2021 21:20,12.82
8/8/2021 21:30,12.97
8/8/2021 21:40,13.59
8/8/2021 21:50,14.03
8/8/2021 22:00,14.36
8/8/2021 22:10,14.41
8/8/2021 22:20,14.3
8/8/2021 22:30,14.38
8/8/2021 22:40,14.52
8/8/2021 22:50,14.43
8/8/2021 23:00,14.03
8/8/2021 23:10,13.66
8/8/2021 23:20,13.4
8/8/2021 23:30,13.83
8/8/2021 23:40,13.9
8/8/2021 23:50,13.9
9/8/2021,13.98
8/9/2021 0:10,13.87
8/9/2021 0:20,13.7
8/9/2021 0:30,13.75
8/9/2021 0:40,13.72
8/9/2021 0:50,13.66
8/9/2021 1:00,13.58
8/9/2021 1:10,13.78
8/9/2021 1:20,13.85
8/9/2021 1:30,14.11
8/9/2021 1:40,14.15
8/9/2021 1:50,14.17
8/9/2021 2:00,13.99
8/9/2021 2:10,13.6
8/9/2021 2:20,13.28
8/9/2021 2:30,13.24
8/9/2021 2:40,12.96
8/9/2021 2:50,12.75
8/9/2021 3:00,12.54
8/9/2021 3:10,12.23
8/9/2021 3:20,12.01
8/9/2021 3:30,11.93
8/9/2021 3:40,12.21
8/9/2021 3:50,12.42
8/9/2021 4:00,12.42
8/9/2021 4:10,12.32
8/9/2021 4:20,12.23
8/9/2021 4:30,12.04
8/9/2021 4:40,11.75
8/9/2021 4:50,11.55
8/9/2021 5:00,11.32
8/9/2021 5:10,11.11
8/9/2021 5:20,11.06
8/9/2021 5:30,11.22
8/9/2021 5:40,11.2
8/9/2021 5:50,11.14
8/9/2021 6:00,11.09
8/9/2021 6:10,10.98
8/9/2021 6:20,10.8
8/9/2021 6:30,10.67
8/9/2021 6:40,10.28
8/9/2021 6:50,10.14
8/9/2021 7:00,10.13
8/9/2021 7:10,9.72
8/9/2021 7:20,9.57
8/9/2021 7:30,9.53
8/9/2021 7:40,9.6
8/9/2021 7:50,9.9
8/9/2021 8:00,10.18
8/9/2021 8:10,10.35
8/9/2021 8:20,10.42
8/9/2021 8:30,10.43
8/9/2021 8:40,10.34
8/9/2021 8:50,10.66
8/9/2021 9:00,10.9
8/9/2021 9:10,11.29
8/9/2021 9:20,11.41
8/9/2021 9:30,11.35
8/9/2021 9:40,11.38
8/9/2021 9:50,11.23
8/9/2021 10:00,11.16
8/9/2021 10:10,11.04
8/9/2021 10:20,10.75
8/9/2021 10:30,10.62
8/9/2021 10:40,10.59
8/9/2021 10:50,10.79
8/9/2021 11:00,10.75
8/9/2021 11:10,10.78
8/9/2021 11:20,10.7
8/9/2021 11:30,10.48
8/9/2021 11:40,10.3
8/9/2021 11:50,10.34
8/9/2021 12:00,10.22
8/9/2021 12:10,10.12
8/9/2021 12:20,9.96
8/9/2021 12:30,10.22
8/9/2021 12:40,10.6
8/9/2021 12:50,10.99
8/9/2021 13:00,11.33
8/9/2021 13:10,11.55
8/9/2021 13:20,11.59
8/9/2021 13:30,11.5
8/9/2021 13:40,11.7
8/9/2021 13:50,11.63
8/9/2021 14:00,11.56
8/9/2021 14:10,11.35
8/9/2021 14:20,10.96
8/9/2021 14:30,10.89
8/9/2021 14:40,10.96
8/9/2021 14:50,11.16
8/9/2021 15:00,11.62
8/9/2021 15:10,11.63
8/9/2021 15:20,11.52
8/9/2021 15:30,11.49
8/9/2021 15:40,11.49
8/9/2021 15:50,11.42
8/9/2021 16:00,11.45
8/9/2021 16:10,11.68
8/9/2021 16:20,11.86
8/9/2021 16:30,11.86
8/9/2021 16:40,12.09
8/9/2021 16:50,12.1
8/9/2021 17:00,12.12
8/9/2021 17:10,12.09
8/9/2021 17:20,12.46
8/9/2021 17:30,12.83
8/9/2021 17:40,13.45
8/9/2021 17:50,13.93
8/9/2021 18:00,14.09
8/9/2021 18:10,14.3
8/9/2021 18:20,14.39
8/9/2021 18:30,14.38
8/9/2021 18:40,14.72
8/9/2021 18:50,15.2
8/9/2021 19:00,15.76
8/9/2021 19:10,15.88
8/9/2021 19:20,15.71
8/9/2021 19:30,15.31
8/9/2021 19:40,15.16
8/9/2021 19:50,15.27
8/9/2021 20:00,15.19
8/9/2021 20:10,15.02
8/9/2021 20:20,14.97
8/9/2021 20:30,14.89
8/9/2021 20:40,14.76
8/9/2021 20:50,14.66
8/9/2021 21:00,14.47
8/9/2021 21:10,14.27
8/9/2021 21:20,14.37
8/9/2021 21:30,14.53
8/9/2021 21:40,14.57
8/9/2021 21:50,14.64
8/9/2021 22:00,15.04
8/9/2021 22:10,15.26
8/9/2021 22:20,15.34
8/9/2021 22:30,15.22
8/9/2021 22:40,15.15
8/9/2021 22:50,14.99
8/9/2021 23:00,15.05
8/9/2021 23:10,15.3
8/9/2021 23:20,15.15
8/9/2021 23:30,15.02
8/9/2021 23:40,15.01
8/9/2021 23:50,15.09
10/8/2021,14.97
8/10/2021 0:10,14.91
8/10/2021 0:20,15.16
8/10/2021 0:30,15.19
8/10/2021 0:40,15.19
8/10/2021 0:50,15.11
8/10/2021 1:00,14.93
8/10/2021 1:10,14.6
8/10/2021 1:20,14.38
8/10/2021 1:30,14.42
8/10/2021 1:40,14.55
8/10/2021 1:50,14.59
8/10/2021 2:00,14.68
8/10/2021 2:10,14.77
8/10/2021 2:20,14.69
8/10/2021 2:30,14.69
8/10/2021 2:40,14.53
8/10/2021 2:50,14
8/10/2021 3:00,13.46
8/10/2021 3:10,13.32
8/10/2021 3:20,13.13
8/10/2021 3:30,13.12
8/10/2021 3:40,13.07
8/10/2021 3:50,12.81
8/10/2021 4:00,12.51
8/10/2021 4:10,12.16
8/10/2021 4:20,11.76
8/10/2021 4:30,11.8
8/10/2021 4:40,11.59
8/10/2021 4:50,11.39
8/10/2021 5:00,11.27
8/10/2021 5:10,10.87
8/10/2021 5:20,10.3
8/10/2021 5:30,9.69
8/10/2021 5:40,9.28
8/10/2021 5:50,8.81
8/10/2021 6:00,8.31
8/10/2021 6:10,7.9
8/10/2021 6:20,7.74
8/10/2021 6:30,7.93
8/10/2021 6:40,8.22
8/10/2021 6:50,8.31
8/10/2021 7:00,8.19
8/10/2021 7:10,8.12
8/10/2021 7:20,8.09
8/10/2021 7:30,8.27
8/10/2021 7:40,8.74
8/10/2021 7:50,9.15
8/10/2021 8:00,9.25
8/10/2021 8:10,9.08
8/10/2021 8:20,8.86
8/10/2021 8:30,8.41
8/10/2021 8:40,7.88
8/10/2021 8:50,7.32
8/10/2021 9:00,7.31
8/10/2021 9:10,7.54
8/10/2021 9:20,7.31
8/10/2021 9:30,7.21
8/10/2021 9:40,6.91
8/10/2021 9:50,6.83
8/10/2021 10:00,7.44
8/10/2021 10:10,7.34
8/10/2021 10:20,7.37
8/10/2021 10:30,7.28
8/10/2021 10:40,7.62
8/10/2021 10:50,7.55
8/10/2021 11:00,7.41
8/10/2021 11:10,7.24
8/10/2021 11:20,7.18
8/10/2021 11:30,6.84
8/10/2021 11:40,6.75
8/10/2021 11:50,6.54
8/10/2021 12:00,6.59
8/10/2021 12:10,6.73
8/10/2021 12:20,6.65
8/10/2021 12:30,6.02
8/10/2021 12:40,6.12
8/10/2021 12:50,6.41
8/10/2021 13:00,6.71
8/10/2021 13:10,7.16
8/10/2021 13:20,7.52
8/10/2021 13:30,7.47
8/10/2021 13:40,7.38
8/10/2021 13:50,7.13
8/10/2021 14:00,7.07
8/10/2021 14:10,6.75
8/10/2021 14:20,6.49
8/10/2021 14:30,6.89
8/10/2021 14:40,6.78
8/10/2021 14:50,7.1
8/10/2021 15:00,7.52
8/10/2021 15:10,7.76
8/10/2021 15:20,8.12
8/10/2021 15:30,8.4
8/10/2021 15:40,8.55
8/10/2021 15:50,8.8
8/10/2021 16:00,9
8/10/2021 16:10,9.44
8/10/2021 16:20,10
8/10/2021 16:30,10.44
8/10/2021 16:40,10.42
8/10/2021 16:50,10.45
8/10/2021 17:00,10.54
8/10/2021 17:10,10.59
8/10/2021 17:20,10.76
8/10/2021 17:30,10.66
8/10/2021 17:40,10.57
8/10/2021 17:50,10.98
8/10/2021 18:00,11.44
8/10/2021 18:10,11.57
8/10/2021 18:20,11.85
8/10/2021 18:30,12.17
8/10/2021 18:40,12.33
8/10/2021 18:50,12.31
8/10/2021 19:00,12.18
8/10/2021 19:10,12.19
8/10/2021 19:20,12.11
8/10/2021 19:30,12.13
8/10/2021 19:40,12.28
8/10/2021 19:50,12.36
8/10/2021 20:00,12.33
8/10/2021 20:10,12.19
8/10/2021 20:20,11.67
8/10/2021 20:30,11.68
8/10/2021 20:40,11.7
8/10/2021 20:50,11.48
8/10/2021 21:00,11.13
8/10/2021 21:10,11.04
8/10/2021 21:20,11.07
8/10/2021 21:30,11.23
8/10/2021 21:40,11.32
8/10/2021 21:50,11.12
8/10/2021 22:00,11.25
8/10/2021 22:10,11.31
8/10/2021 22:20,11.24
8/10/2021 22:30,11.46
8/10/2021 22:40,11.72
8/10/2021 22:50,11.8
8/10/2021 23:00,11.83
8/10/2021 23:10,11.56
8/10/2021 23:20,11.38
8/10/2021 23:30,11.09
8/10/2021 23:40,11
8/10/2021 23:50,11.19
11/8/2021,11.27
8/11/2021 0:10,11.12
8/11/2021 0:20,11.16
8/11/2021 0:30,10.84
8/11/2021 0:40,10.52
8/11/2021 0:50,10.17
8/11/2021 1:00,10.1
8/11/2021 1:10,10.3
8/11/2021 1:20,10.57
8/11/2021 1:30,10.41
8/11/2021 1:40,10.06
8/11/2021 1:50,10.16
8/11/2021 2:00,10.18
8/11/2021 2:10,10.27
8/11/2021 2:20,10.16
8/11/2021 2:30,10.05
8/11/2021 2:40,10.04
8/11/2021 2:50,10.17
8/11/2021 3:00,10.09
8/11/2021 3:10,10.07
8/11/2021 3:20,9.67
8/11/2021 3:30,9.51
8/11/2021 3:40,9.38
8/11/2021 3:50,9.1
8/11/2021 4:00,9.1
8/11/2021 4:10,9.11
8/11/2021 4:20,8.75
8/11/2021 4:30,8.31
8/11/2021 4:40,8.1
8/11/2021 4:50,7.97
8/11/2021 5:00,8.09
8/11/2021 5:10,8.08
8/11/2021 5:20,8.03
8/11/2021 5:30,7.93
8/11/2021 5:40,7.77
8/11/2021 5:50,7.72
8/11/2021 6:00,7.6
8/11/2021 6:10,7.66
8/11/2021 6:20,7.61
8/11/2021 6:30,7.46
8/11/2021 6:40,7.23
8/11/2021 6:50,7.22
8/11/2021 7:00,7.34
8/11/2021 7:10,7.24
8/11/2021 7:20,7.22
8/11/2021 7:30,7.59
8/11/2021 7:40,7.83
8/11/2021 7:50,7.73
8/11/2021 8:00,7.66
8/11/2021 8:10,7.75
8/11/2021 8:20,7.88
8/11/2021 8:30,7.6
8/11/2021 8:40,7.41
8/11/2021 8:50,7.37
8/11/2021 9:00,7.34
8/11/2021 9:10,7.46
8/11/2021 9:20,7.72
8/11/2021 9:30,7.85
8/11/2021 9:40,7.65
8/11/2021 9:50,7.61
8/11/2021 10:00,7.83
8/11/2021 10:10,8.15
8/11/2021 10:20,8.3
8/11/2021 10:30,8.31
8/11/2021 10:40,8.28
8/11/2021 10:50,8.08
8/11/2021 11:00,7.93
8/11/2021 11:10,7.89
8/11/2021 11:20,7.47
8/11/2021 11:30,7.27
8/11/2021 11:40,7.51
8/11/2021 11:50,7.96
8/11/2021 12:00,8.16
8/11/2021 12:10,8.27
8/11/2021 12:20,8.04
8/11/2021 12:30,7.51
8/11/2021 12:40,6.93
8/11/2021 12:50,6.65
8/11/2021 13:00,6.46
8/11/2021 13:10,6.28
8/11/2021 13:20,6.57
8/11/2021 13:30,6.59
8/11/2021 13:40,6.22
8/11/2021 13:50,6.37
8/11/2021 14:00,6.83
8/11/2021 14:10,6.97
8/11/2021 14:20,7.06
8/11/2021 14:30,7.11
8/11/2021 14:40,7.26
8/11/2021 14:50,7.41
8/11/2021 15:00,7.24
8/11/2021 15:10,6.97
8/11/2021 15:20,6.75
8/11/2021 15:30,6.7
8/11/2021 15:40,6.86
8/11/2021 15:50,7.02
8/11/2021 16:00,7.2
8/11/2021 16:10,7.51
8/11/2021 16:20,7.68
8/11/2021 16:30,7.65
8/11/2021 16:40,7.7
8/11/2021 16:50,7.6
8/11/2021 17:00,7.34
8/11/2021 17:10,7.28
8/11/2021 17:20,7.5
8/11/2021 17:30,7.79
8/11/2021 17:40,8.18
8/11/2021 17:50,8.47
8/11/2021 18:00,8.61
8/11/2021 18:10,8.49
8/11/2021 18:20,8.48
8/11/2021 18:30,8.53
8/11/2021 18:40,8.56
8/11/2021 18:50,8.54
8/11/2021 19:00,8.69
8/11/2021 19:10,9.09
8/11/2021 19:20,9.31
8/11/2021 19:30,9.63
8/11/2021 19:40,10
8/11/2021 19:50,10.17
8/11/2021 20:00,10.07
8/11/2021 20:10,10.23
8/11/2021 20:20,10.49
8/11/2021 20:30,10.49
8/11/2021 20:40,10.48
8/11/2021 20:50,10.16
8/11/2021 21:00,9.78
8/11/2021 21:10,9.67
8/11/2021 21:20,9.45
8/11/2021 21:30,9.76
8/11/2021 21:40,10.13
8/11/2021 21:50,10.48
8/11/2021 22:00,10.7
8/11/2021 22:10,10.85
8/11/2021 22:20,10.84
8/11/2021 22:30,10.82
8/11/2021 22:40,10.93
8/11/2021 22:50,10.83
8/11/2021 23:00,10.65
8/11/2021 23:10,10.34
8/11/2021 23:20,10.24
8/11/2021 23:30,9.98
8/11/2021 23:40,9.92
8/11/2021 23:50,9.96
12/8/2021,9.89
8/12/2021 0:10,9.87
8/12/2021 0:20,9.84
8/12/2021 0:30,10
8/12/2021 0:40,10.19
8/12/2021 0:50,10.14
8/12/2021 1:00,9.93
8/12/2021 1:10,9.89
8/12/2021 1:20,9.82
8/12/2021 1:30,9.97
8/12/2021 1:40,10.15
8/12/2021 1:50,10.29
8/12/2021 2:00,10.54
8/12/2021 2:10,10.55
8/12/2021 2:20,10.18
8/12/2021 2:30,10.13
8/12/2021 2:40,10.1
8/12/2021 2:50,9.99
8/12/2021 3:00,9.51
8/12/2021 3:10,9.29
8/12/2021 3:20,9.44
8/12/2021 3:30,9.47
8/12/2021 3:40,9.19
8/12/2021 3:50,9.14
8/12/2021 4:00,9.23
8/12/2021 4:10,8.8
8/12/2021 4:20,8.3
8/12/2021 4:30,7.93
8/12/2021 4:40,7.79
8/12/2021 4:50,7.43
8/12/2021 5:00,7.19
8/12/2021 5:10,7.13
8/12/2021 5:20,7.08
8/12/2021 5:30,7.09
8/12/2021 5:40,7.24
8/12/2021 5:50,7.45
8/12/2021 6:00,7.47
8/12/2021 6:10,6.9
8/12/2021 6:20,6.24
8/12/2021 6:30,5.7
8/12/2021 6:40,5.55
8/12/2021 6:50,5.55
8/12/2021 7:00,5.34
8/12/2021 7:10,5.4
8/12/2021 7:20,5.45
8/12/2021 7:30,5.41
8/12/2021 7:40,5.76
8/12/2021 7:50,6.84
8/12/2021 8:00,7.78
8/12/2021 8:10,7.91
8/12/2021 8:20,8.2
8/12/2021 8:30,8.24
8/12/2021 8:40,8.01
8/12/2021 8:50,7.81
8/12/2021 9:00,7.58
8/12/2021 9:10,7.45
8/12/2021 9:20,7.22
8/12/2021 9:30,7.05
8/12/2021 9:40,6.66
8/12/2021 9:50,6.03
8/12/2021 10:00,5.61
8/12/2021 10:10,5.61
8/12/2021 10:20,5.74
8/12/2021 10:30,6.3
8/12/2021 10:40,6.81
8/12/2021 10:50,6.51
8/12/2021 11:00,6.24
8/12/2021 11:10,6.23
8/12/2021 11:20,6.24
8/12/2021 11:30,6.44
8/12/2021 11:40,6.74
8/12/2021 11:50,6.8
8/12/2021 12:00,6.75
8/12/2021 12:10,6.91
8/12/2021 12:20,7.13
8/12/2021 12:30,7.17
8/12/2021 12:40,7.09
8/12/2021 12:50,6.74
8/12/2021 13:00,6.72
8/12/2021 13:10,6.57
8/12/2021 13:20,6.59
8/12/2021 13:30,6.62
8/12/2021 13:40,6.64
8/12/2021 13:50,6.36
8/12/2021 14:00,5.83
8/12/2021 14:10,5.47
8/12/2021 14:20,5.24
8/12/2021 14:30,5.37
8/12/2021 14:40,5.49
8/12/2021 14:50,5.66
8/12/2021 15:00,5.8
8/12/2021 15:10,6.08
8/12/2021 15:20,6.14
8/12/2021 15:30,5.95
8/12/2021 15:40,6.01
8/12/2021 15:50,6.28
8/12/2021 16:00,6.34
8/12/2021 16:10,6.2
8/12/2021 16:20,6.18
8/12/2021 16:30,5.96
8/12/2021 16:40,5.36
8/12/2021 16:50,5.24
8/12/2021 17:00,5.51
8/12/2021 17:10,5.67
8/12/2021 17:20,5.87
8/12/2021 17:30,5.87
8/12/2021 17:40,5.71
8/12/2021 17:50,5.83
8/12/2021 18:00,6.15
8/12/2021 18:10,6.5
8/12/2021 18:20,6.78
8/12/2021 18:30,6.89
8/12/2021 18:40,7.06
8/12/2021 18:50,7.13
8/12/2021 19:00,7.5
8/12/2021 19:10,7.58
8/12/2021 19:20,7.61
8/12/2021 19:30,7.82
8/12/2021 19:40,7.84
8/12/2021 19:50,7.95
8/12/2021 20:00,8.19
8/12/2021 20:10,8.49
8/12/2021 20:20,8.48
8/12/2021 20:30,8.66
8/12/2021 20:40,8.69
8/12/2021 20:50,8.86
8/12/2021 21:00,8.9
8/12/2021 21:10,8.7
8/12/2021 21:20,8.59
8/12/2021 21:30,8.25
8/12/2021 21:40,7.82
8/12/2021 21:50,7.77
8/12/2021 22:00,7.8
8/12/2021 22:10,7.83
8/12/2021 22:20,7.79
8/12/2021 22:30,7.76
8/12/2021 22:40,7.88
8/12/2021 22:50,8.12
8/12/2021 23:00,8.17
8/12/2021 23:10,8.25
8/12/2021 23:20,8.45
8/12/2021 23:30,8.84
8/12/2021 23:40,8.54
8/12/2021 23:50,8.28
13/8/2021,8.16
8/13/2021 0:10,8.15
8/13/2021 0:20,8.2
8/13/2021 0:30,8.09
8/13/2021 0:40,8.06
8/13/2021 0:50,7.94
8/13/2021 1:00,7.58
8/13/2021 1:10,7.32
8/13/2021 1:20,7.07
8/13/2021 1:30,7.12
8/13/2021 1:40,7
8/13/2021 1:50,6.81
8/13/2021 2:00,6.91
8/13/2021 2:10,6.93
8/13/2021 2:20,6.78
8/13/2021 2:30,6.87
8/13/2021 2:40,7.13
8/13/2021 2:50,7.16
8/13/2021 3:00,6.85
8/13/2021 3:10,6.52
8/13/2021 3:20,6.48
8/13/2021 3:30,6.47
8/13/2021 3:40,6.42
8/13/2021 3:50,6.4
8/13/2021 4:00,6.47
8/13/2021 4:10,6.46
8/13/2021 4:20,6.61
8/13/2021 4:30,6.69
8/13/2021 4:40,6.54
8/13/2021 4:50,6.59
8/13/2021 5:00,6.64
8/13/2021 5:10,6.55
8/13/2021 5:20,6.43
8/13/2021 5:30,6.43
8/13/2021 5:40,6.63
8/13/2021 5:50,6.86
8/13/2021 6:00,6.98
8/13/2021 6:10,6.89
8/13/2021 6:20,6.77
8/13/2021 6:30,6.62
8/13/2021 6:40,6.48
8/13/2021 6:50,6.6
8/13/2021 7:00,6.77
8/13/2021 7:10,6.85
8/13/2021 7:20,6.97
8/13/2021 7:30,6.96
8/13/2021 7:40,6.85
8/13/2021 7:50,6.68
8/13/2021 8:00,6.63
8/13/2021 8:10,6.61
8/13/2021 8:20,6.77
8/13/2021 8:30,6.95
8/13/2021 8:40,6.83
8/13/2021 8:50,6.91
8/13/2021 9:00,6.88
8/13/2021 9:10,6.72
8/13/2021 9:20,6.54
8/13/2021 9:30,6.56
8/13/2021 9:40,6.77
8/13/2021 9:50,6.96
8/13/2021 10:00,7.08
8/13/2021 10:10,6.84
8/13/2021 10:20,6.52
8/13/2021 10:30,6.21
8/13/2021 10:40,5.92
8/13/2021 10:50,5.75
8/13/2021 11:00,5.6
8/13/2021 11:10,5.6
8/13/2021 11:20,5.35
8/13/2021 11:30,5.56
8/13/2021 11:40,5.7
8/13/2021 11:50,5.94
8/13/2021 12:00,5.86
8/13/2021 12:10,5.85
8/13/2021 12:20,6.12
8/13/2021 12:30,6.29
8/13/2021 12:40,6.44
8/13/2021 12:50,6.24
8/13/2021 13:00,6
8/13/2021 13:10,5.85
8/13/2021 13:20,5.65
8/13/2021 13:30,5.52
8/13/2021 13:40,5.61
8/13/2021 13:50,5.66
8/13/2021 14:00,5.67
8/13/2021 14:10,5.83
8/13/2021 14:20,5.69
8/13/2021 14:30,5.67
8/13/2021 14:40,5.83
8/13/2021 14:50,6
8/13/2021 15:00,6.07
8/13/2021 15:10,6.01
8/13/2021 15:20,5.81
8/13/2021 15:30,5.79
8/13/2021 15:40,5.59
8/13/2021 15:50,5.35
8/13/2021 16:00,5.35
8/13/2021 16:10,5.19
8/13/2021 16:20,5.27
8/13/2021 16:30,5.67
8/13/2021 16:40,6.23
8/13/2021 16:50,6.34
8/13/2021 17:00,6.52
8/13/2021 17:10,6.86
8/13/2021 17:20,7.11
8/13/2021 17:30,7.27
8/13/2021 17:40,7.36
8/13/2021 17:50,7.5
8/13/2021 18:00,7.58
8/13/2021 18:10,7.58
8/13/2021 18:20,7.85
8/13/2021 18:30,8.07
8/13/2021 18:40,8.17
8/13/2021 18:50,8.32
8/13/2021 19:00,8.75
8/13/2021 19:10,9.21
8/13/2021 19:20,9.49
8/13/2021 19:30,9.72
8/13/2021 19:40,9.63
8/13/2021 19:50,9.65
8/13/2021 20:00,9.69
8/13/2021 20:10,9.64
8/13/2021 20:20,9.98
8/13/2021 20:30,9.98
8/13/2021 20:40,9.95
8/13/2021 20:50,10.02
8/13/2021 21:00,9.9
8/13/2021 21:10,9.96
8/13/2021 21:20,9.92
8/13/2021 21:30,9.8
8/13/2021 21:40,9.89
8/13/2021 21:50,9.75
8/13/2021 22:00,9.67
8/13/2021 22:10,9.47
8/13/2021 22:20,9.63
8/13/2021 22:30,9.68
8/13/2021 22:40,9.45
8/13/2021 22:50,9.53
8/13/2021 23:00,9.49
8/13/2021 23:10,9.57
8/13/2021 23:20,9.56
8/13/2021 23:30,9.59
8/13/2021 23:40,9.67
8/13/2021 23:50,9.83
14/8/2021,9.89
8/14/2021 0:10,9.76
8/14/2021 0:20,9.79
8/14/2021 0:30,9.89
8/14/2021 0:40,9.77
8/14/2021 0:50,9.59
8/14/2021 1:00,9.65
8/14/2021 1:10,9.05
8/14/2021 1:20,8.67
8/14/2021 1:30,8.46
8/14/2021 1:40,8.34
8/14/2021 1:50,8.4
8/14/2021 2:00,8.34
8/14/2021 2:10,8.07
8/14/2021 2:20,8.32
8/14/2021 2:30,9.08
8/14/2021 2:40,9.3
8/14/2021 2:50,8.84
8/14/2021 3:00,8.45
8/14/2021 3:10,8.15
8/14/2021 3:20,7.68
8/14/2021 3:30,7.6
8/14/2021 3:40,7
8/14/2021 3:50,6.68
8/14/2021 4:00,6.72
8/14/2021 4:10,6.97
8/14/2021 4:20,7.03
8/14/2021 4:30,6.68
8/14/2021 4:40,6.41
8/14/2021 4:50,6.24
8/14/2021 5:00,5.86
8/14/2021 5:10,5.73
8/14/2021 5:20,5.88
8/14/2021 5:30,5.68
8/14/2021 5:40,5.32
8/14/2021 5:50,5.63
8/14/2021 6:00,5.7
8/14/2021 6:10,5.44
8/14/2021 6:20,5.31
8/14/2021 6:30,5.17
8/14/2021 6:40,5.16
8/14/2021 6:50,5.09
8/14/2021 7:00,5.2
8/14/2021 7:10,5.14
8/14/2021 7:20,5.32
8/14/2021 7:30,5.23
8/14/2021 7:40,5.25
8/14/2021 7:50,5.49
8/14/2021 8:00,5.47
8/14/2021 8:10,5.29
8/14/2021 8:20,5.13
8/14/2021 8:30,5.36
8/14/2021 8:40,5.53
8/14/2021 8:50,5.57
8/14/2021 9:00,5.79
8/14/2021 9:10,5.58
8/14/2021 9:20,5.56
8/14/2021 9:30,5.46
8/14/2021 9:40,5.25
8/14/2021 9:50,5.41
8/14/2021 10:00,5.8
8/14/2021 10:10,5.82
8/14/2021 10:20,5.97
8/14/2021 10:30,6.27
8/14/2021 10:40,6.31
8/14/2021 10:50,6.26
8/14/2021 11:00,6.16
8/14/2021 11:10,6.27
8/14/2021 11:20,6.31
8/14/2021 11:30,6.26
8/14/2021 11:40,6.03
8/14/2021 11:50,6.06
8/14/2021 12:00,6.16
8/14/2021 12:10,6.53
8/14/2021 12:20,7.26
8/14/2021 12:30,7.64
8/14/2021 12:40,7.98
8/14/2021 12:50,8.14
8/14/2021 13:00,7.98
8/14/2021 13:10,7.75
8/14/2021 13:20,7.75
8/14/2021 13:30,8.02
8/14/2021 13:40,7.94
8/14/2021 13:50,7.98
8/14/2021 14:00,8.14
8/14/2021 14:10,7.96
8/14/2021 14:20,7.55
8/14/2021 14:30,7.17
8/14/2021 14:40,7.03
8/14/2021 14:50,6.92
8/14/2021 15:00,6.93
8/14/2021 15:10,6.81
8/14/2021 15:20,6.69
8/14/2021 15:30,7.01
8/14/2021 15:40,7.21
8/14/2021 15:50,7.28
8/14/2021 16:00,7.65
8/14/2021 16:10,7.91
8/14/2021 16:20,7.92
8/14/2021 16:30,8.3
8/14/2021 16:40,8.63
8/14/2021 16:50,8.76
8/14/2021 17:00,8.68
8/14/2021 17:10,8.59
8/14/2021 17:20,8.35
8/14/2021 17:30,8.17
8/14/2021 17:40,8.71
8/14/2021 17:50,9.06
8/14/2021 18:00,9.23
8/14/2021 18:10,9.49
8/14/2021 18:20,9.8
8/14/2021 18:30,9.73
8/14/2021 18:40,9.38
8/14/2021 18:50,9.23
8/14/2021 19:00,9.68
8/14/2021 19:10,9.23
8/14/2021 19:20,8.22
8/14/2021 19:30,7.72
8/14/2021 19:40,7.89
8/14/2021 19:50,8.27
8/14/2021 20:00,8.7
8/14/2021 20:10,8.53
8/14/2021 20:20,8.14
8/14/2021 20:30,7.7
8/14/2021 20:40,7.32
8/14/2021 20:50,6.96
8/14/2021 21:00,6.36
8/14/2021 21:10,5.58
8/14/2021 21:20,5.53
8/14/2021 21:30,5.78
8/14/2021 21:40,5.37
8/14/2021 21:50,4.52
8/14/2021 22:00,4.23
8/14/2021 22:10,4.14
8/14/2021 22:20,4.28
8/14/2021 22:30,4.4
8/14/2021 22:40,4.11
8/14/2021 22:50,3.89
8/14/2021 23:00,3.91
8/14/2021 23:10,3.99
8/14/2021 23:20,4.38
8/14/2021 23:30,4.48
8/14/2021 23:40,4.38
8/14/2021 23:50,4.11
15/8/2021,4.16
8/15/2021 0:10,4.17
8/15/2021 0:20,4.29
8/15/2021 0:30,4.44
8/15/2021 0:40,4.51
8/15/2021 0:50,4.59
8/15/2021 1:00,4.67
8/15/2021 1:10,4.88
8/15/2021 1:20,4.91
8/15/2021 1:30,4.88
8/15/2021 1:40,4.67
8/15/2021 1:50,4.47
8/15/2021 2:00,4.39
8/15/2021 2:10,4.43
8/15/2021 2:20,4.39
8/15/2021 2:30,4.57
8/15/2021 2:40,4.66
8/15/2021 2:50,4.46
8/15/2021 3:00,4.6
8/15/2021 3:10,4.03
8/15/2021 3:20,3.46
8/15/2021 3:30,2.94
8/15/2021 3:40,3.6
8/15/2021 3:50,4.08
8/15/2021 4:00,3.6
8/15/2021 4:10,2.6
8/15/2021 4:20,2.71
8/15/2021 4:30,4.85
8/15/2021 4:40,6.82
8/15/2021 4:50,7.1
8/15/2021 5:00,5.7
8/15/2021 5:10,4.62
8/15/2021 5:20,5.27
8/15/2021 5:30,4.15
8/15/2021 5:40,3.29
8/15/2021 5:50,3.55
8/15/2021 6:00,4.42
8/15/2021 6:10,4.19
8/15/2021 6:20,3.81
8/15/2021 6:30,3.76
8/15/2021 6:40,3.28
8/15/2021 6:50,2.76
8/15/2021 7:00,2.62
8/15/2021 7:10,2.39
8/15/2021 7:20,2.54
8/15/2021 7:30,2.8
8/15/2021 7:40,3.27
8/15/2021 7:50,3.61
8/15/2021 8:00,3.67
8/15/2021 8:10,3.47
8/15/2021 8:20,3.7
8/15/2021 8:30,4.26
8/15/2021 8:40,4.22
8/15/2021 8:50,4.21
8/15/2021 9:00,4.4
8/15/2021 9:10,4.8
8/15/2021 9:20,5.16
8/15/2021 9:30,5.11
8/15/2021 9:40,5.16
8/15/2021 9:50,5.16
8/15/2021 10:00,5.1
8/15/2021 10:10,5.36
8/15/2021 10:20,5.69
8/15/2021 10:30,5.71
8/15/2021 10:40,6.06
8/15/2021 10:50,6.43
8/15/2021 11:00,6.72
8/15/2021 11:10,6.97
8/15/2021 11:20,7.12
8/15/2021 11:30,7.02
8/15/2021 11:40,6.83
8/15/2021 11:50,6.75
8/15/2021 12:00,6.82
8/15/2021 12:10,7.14
8/15/2021 12:20,7.49
8/15/2021 12:30,7.75
8/15/2021 12:40,8.05
8/15/2021 12:50,8.26
8/15/2021 13:00,8.28
8/15/2021 13:10,8.31
8/15/2021 13:20,8.4
8/15/2021 13:30,8.53
8/15/2021 13:40,8.64
8/15/2021 13:50,8.84
8/15/2021 14:00,8.71
8/15/2021 14:10,8.55
8/15/2021 14:20,8.55
8/15/2021 14:30,8.72
8/15/2021 14:40,8.77
8/15/2021 14:50,8.87
8/15/2021 15:00,9.1
8/15/2021 15:10,8.97
8/15/2021 15:20,8.79
8/15/2021 15:30,8.61
8/15/2021 15:40,8.39
8/15/2021 15:50,8.31
8/15/2021 16:00,8.15
8/15/2021 16:10,8.37
8/15/2021 16:20,8.36
8/15/2021 16:30,8.48
8/15/2021 16:40,8.35
8/15/2021 16:50,8.15
8/15/2021 17:00,8.08
8/15/2021 17:10,8.11
8/15/2021 17:20,8.1
8/15/2021 17:30,8.07
8/15/2021 17:40,8
8/15/2021 17:50,7.97
8/15/2021 18:00,8.17
8/15/2021 18:10,8.41
8/15/2021 18:20,8.58
8/15/2021 18:30,8.47
8/15/2021 18:40,8.27
8/15/2021 18:50,8.26
8/15/2021 19:00,8.32
8/15/2021 19:10,8.48
8/15/2021 19:20,8.78
8/15/2021 19:30,9.08
8/15/2021 19:40,9.24
8/15/2021 19:50,9.58
8/15/2021 20:00,9.99
8/15/2021 20:10,10.14
8/15/2021 20:20,9.94
8/15/2021 20:30,10
8/15/2021 20:40,10.07
8/15/2021 20:50,9.92
8/15/2021 21:00,9.81
8/15/2021 21:10,9.68
8/15/2021 21:20,9.51
8/15/2021 21:30,9.37
8/15/2021 21:40,9.45
8/15/2021 21:50,9.5
8/15/2021 22:00,9.43
8/15/2021 22:10,9.5
8/15/2021 22:20,9.82
8/15/2021 22:30,10.2
8/15/2021 22:40,10.35
8/15/2021 22:50,10.53
8/15/2021 23:00,10.58
8/15/2021 23:10,10.66
8/15/2021 23:20,10.83
8/15/2021 23:30,10.96
8/15/2021 23:40,11.16
8/15/2021 23:50,11.27
16/8/2021,11.29
8/16/2021 0:10,11.39
8/16/2021 0:20,11.38
8/16/2021 0:30,11.38
8/16/2021 0:40,11.29
8/16/2021 0:50,11.49
8/16/2021 1:00,11.48
8/16/2021 1:10,11.38
8/16/2021 1:20,11.3
8/16/2021 1:30,11.29
8/16/2021 1:40,11.19
8/16/2021 1:50,11.08
8/16/2021 2:00,10.91
8/16/2021 2:10,10.82
8/16/2021 2:20,10.71
8/16/2021 2:30,10.47
8/16/2021 2:40,10.24
8/16/2021 2:50,10.11
8/16/2021 3:00,10.05
8/16/2021 3:10,9.92
8/16/2021 3:20,9.84
8/16/2021 3:30,10.07
8/16/2021 3:40,10.17
8/16/2021 3:50,10.08
8/16/2021 4:00,10.03
8/16/2021 4:10,10.03
8/16/2021 4:20,10.03
8/16/2021 4:30,9.89
8/16/2021 4:40,9.71
8/16/2021 4:50,9.99
8/16/2021 5:00,9.75
8/16/2021 5:10,9.4
8/16/2021 5:20,9.22
8/16/2021 5:30,9.19
8/16/2021 5:40,9.47
8/16/2021 5:50,9.74
8/16/2021 6:00,9.92
8/16/2021 6:10,9.83
8/16/2021 6:20,9.68
8/16/2021 6:30,9.37
8/16/2021 6:40,8.56
8/16/2021 6:50,8.06
8/16/2021 7:00,7.83
8/16/2021 7:10,7.86
8/16/2021 7:20,7.72
8/16/2021 7:30,7.41
8/16/2021 7:40,7.18
8/16/2021 7:50,6.9
8/16/2021 8:00,6.56
8/16/2021 8:10,6.72
8/16/2021 8:20,6.96
8/16/2021 8:30,7.13
8/16/2021 8:40,7.2
8/16/2021 8:50,7.13
8/16/2021 9:00,7.15
8/16/2021 9:10,7.31
8/16/2021 9:20,7.71
8/16/2021 9:30,7.86
8/16/2021 9:40,8.08
8/16/2021 9:50,7.87
8/16/2021 10:00,7.79
8/16/2021 10:10,7.94
8/16/2021 10:20,7.69
8/16/2021 10:30,7.59
8/16/2021 10:40,7.35
8/16/2021 10:50,7.33
8/16/2021 11:00,7.33
8/16/2021 11:10,7.33
8/16/2021 11:20,7.57
8/16/2021 11:30,7.62
8/16/2021 11:40,7.59
8/16/2021 11:50,7.69
8/16/2021 12:00,7.65
8/16/2021 12:10,7.67
8/16/2021 12:20,7.79
8/16/2021 12:30,7.96
8/16/2021 12:40,8.08
8/16/2021 12:50,8.16
8/16/2021 13:00,8.28
8/16/2021 13:10,8.45
8/16/2021 13:20,8.65
8/16/2021 13:30,8.66
8/16/2021 13:40,8.65
8/16/2021 13:50,8.69
8/16/2021 14:00,8.67
8/16/2021 14:10,8.66
8/16/2021 14:20,8.77
8/16/2021 14:30,8.5
8/16/2021 14:40,8.49
8/16/2021 14:50,8.64
8/16/2021 15:00,8.94
8/16/2021 15:10,8.99
8/16/2021 15:20,8.8
8/16/2021 15:30,8.83
8/16/2021 15:40,9.14
8/16/2021 15:50,9.21
8/16/2021 16:00,9.35
8/16/2021 16:10,9.46
8/16/2021 16:20,9.37
8/16/2021 16:30,9.22
8/16/2021 16:40,8.97
8/16/2021 16:50,8.93
8/16/2021 17:00,8.97
8/16/2021 17:10,9.06
8/16/2021 17:20,9.45
8/16/2021 17:30,9.67
8/16/2021 17:40,9.99
8/16/2021 17:50,10.28
8/16/2021 18:00,10.44
8/16/2021 18:10,10.6
8/16/2021 18:20,11.22
8/16/2021 18:30,11.9
8/16/2021 18:40,12.52
8/16/2021 18:50,12.96
8/16/2021 19:00,13.09
8/16/2021 19:10,13.33
8/16/2021 19:20,13.09
8/16/2021 19:30,12.92
8/16/2021 19:40,12.9
8/16/2021 19:50,12.98
8/16/2021 20:00,12.83
8/16/2021 20:10,12.42
8/16/2021 20:20,12.36
8/16/2021 20:30,12.04
8/16/2021 20:40,11.89
8/16/2021 20:50,11.84
8/16/2021 21:00,11.77
8/16/2021 21:10,12
8/16/2021 21:20,12.14
8/16/2021 21:30,12.28
8/16/2021 21:40,12.24
8/16/2021 21:50,12.25
8/16/2021 22:00,12.18
8/16/2021 22:10,12.23
8/16/2021 22:20,12.11
8/16/2021 22:30,12.17
8/16/2021 22:40,12.01
8/16/2021 22:50,11.82
8/16/2021 23:00,11.88
8/16/2021 23:10,11.82
8/16/2021 23:20,11.84
8/16/2021 23:30,11.84
8/16/2021 23:40,11.68
8/16/2021 23:50,11.57
17/8/2021,11.42
8/17/2021 0:10,11.49
8/17/2021 0:20,11.63
8/17/2021 0:30,11.72
8/17/2021 0:40,11.76
8/17/2021 0:50,11.77
8/17/2021 1:00,11.77
8/17/2021 1:10,11.62
8/17/2021 1:20,11.57
8/17/2021 1:30,11.55
8/17/2021 1:40,11.43
8/17/2021 1:50,11.33
8/17/2021 2:00,11.24
8/17/2021 2:10,11.17
8/17/2021 2:20,11.07
8/17/2021 2:30,11.12
8/17/2021 2:40,11.34
8/17/2021 2:50,11.45
8/17/2021 3:00,11.48
8/17/2021 3:10,11.41
8/17/2021 3:20,11.31
8/17/2021 3:30,11.31
8/17/2021 3:40,11.22
8/17/2021 3:50,11.22
8/17/2021 4:00,11.47
8/17/2021 4:10,11.53
8/17/2021 4:20,11.49
8/17/2021 4:30,11.49
8/17/2021 4:40,11.69
8/17/2021 4:50,11.97
8/17/2021 5:00,12.03
8/17/2021 5:10,12.24
8/17/2021 5:20,12.24
8/17/2021 5:30,12.28
8/17/2021 5:40,12.02
8/17/2021 5:50,11.9
8/17/2021 6:00,11.95
8/17/2021 6:10,12.09
8/17/2021 6:20,11.81
8/17/2021 6:30,11.92
8/17/2021 6:40,12.08
8/17/2021 6:50,12.19
8/17/2021 7:00,12.43
8/17/2021 7:10,12.57
8/17/2021 7:20,12.7
8/17/2021 7:30,12.8
8/17/2021 7:40,13
8/17/2021 7:50,13
8/17/2021 8:00,12.87
8/17/2021 8:10,12.74
8/17/2021 8:20,12.85
8/17/2021 8:30,12.81
8/17/2021 8:40,12.87
8/17/2021 8:50,12.68
8/17/2021 9:00,12.47
8/17/2021 9:10,12.35
8/17/2021 9:20,12.4
8/17/2021 9:30,12.46
8/17/2021 9:40,12.51
8/17/2021 9:50,12.53
8/17/2021 10:00,12.45
8/17/2021 10:10,12.22
8/17/2021 10:20,12.09
8/17/2021 10:30,11.79
8/17/2021 10:40,11.84
8/17/2021 10:50,11.86
8/17/2021 11:00,11.88
8/17/2021 11:10,11.97
8/17/2021 11:20,12.23
8/17/2021 11:30,12.55
8/17/2021 11:40,12.56
8/17/2021 11:50,12.43
8/17/2021 12:00,12.42
8/17/2021 12:10,12.42
8/17/2021 12:20,12.36
8/17/2021 12:30,12.52
8/17/2021 12:40,12.61
8/17/2021 12:50,12.63
8/17/2021 13:00,12.75
8/17/2021 13:10,12.69
8/17/2021 13:20,12.96
8/17/2021 13:30,13.29
8/17/2021 13:40,13.7
8/17/2021 13:50,13.91
8/17/2021 14:00,13.74
8/17/2021 14:10,13.53
8/17/2021 14:20,13.32
8/17/2021 14:30,13.65
8/17/2021 14:40,13.73
8/17/2021 14:50,13.79
8/17/2021 15:00,14.01
8/17/2021 15:10,14.2
8/17/2021 15:20,14.28
8/17/2021 15:30,14.14
8/17/2021 15:40,14.02
8/17/2021 15:50,13.92
8/17/2021 16:00,13.75
8/17/2021 16:10,13.72
8/17/2021 16:20,13.73
8/17/2021 16:30,13.5
8/17/2021 16:40,13.54
8/17/2021 16:50,13.71
8/17/2021 17:00,13.87
8/17/2021 17:10,13.92
8/17/2021 17:20,14.22
8/17/2021 17:30,14.11
8/17/2021 17:40,13.98
8/17/2021 17:50,14.41
8/17/2021 18:00,14.71
8/17/2021 18:10,14.64
8/17/2021 18:20,14.73
8/17/2021 18:30,14.82
8/17/2021 18:40,14.67
8/17/2021 18:50,14.62
8/17/2021 19:00,14.64
8/17/2021 19:10,14.58
8/17/2021 19:20,14.84
8/17/2021 19:30,14.91
8/17/2021 19:40,14.87
8/17/2021 19:50,14.68
8/17/2021 20:00,14.35
8/17/2021 20:10,14.23
8/17/2021 20:20,14.2
8/17/2021 20:30,14.2
8/17/2021 20:40,14.36
8/17/2021 20:50,14.19
8/17/2021 21:00,14.07
8/17/2021 21:10,13.95
8/17/2021 21:20,13.8
8/17/2021 21:30,13.87
8/17/2021 21:40,13.69
8/17/2021 21:50,13.9
8/17/2021 22:00,13.66
8/17/2021 22:10,13.65
8/17/2021 22:20,13.65
8/17/2021 22:30,13.71
8/17/2021 22:40,13.48
8/17/2021 22:50,13.15
8/17/2021 23:00,13.15
8/17/2021 23:10,13.3
8/17/2021 23:20,13.25
8/17/2021 23:30,12.99
8/17/2021 23:40,12.96
8/17/2021 23:50,13.06
18/8/2021,13.21
8/18/2021 0:10,13.46
8/18/2021 0:20,13.37
8/18/2021 0:30,13.19
8/18/2021 0:40,13.13
8/18/2021 0:50,13.08
8/18/2021 1:00,12.75
8/18/2021 1:10,12.83
8/18/2021 1:20,13.16
8/18/2021 1:30,13.31
8/18/2021 1:40,13.2
8/18/2021 1:50,13.13
8/18/2021 2:00,13.28
8/18/2021 2:10,13.35
8/18/2021 2:20,13.23
8/18/2021 2:30,13.42
8/18/2021 2:40,13.47
8/18/2021 2:50,13.53
8/18/2021 3:00,13.51
8/18/2021 3:10,13.68
8/18/2021 3:20,13.6
8/18/2021 3:30,13.56
8/18/2021 3:40,13.81
8/18/2021 3:50,14
8/18/2021 4:00,13.78
8/18/2021 4:10,13.68
8/18/2021 4:20,13.58
8/18/2021 4:30,13.81
8/18/2021 4:40,13.88
8/18/2021 4:50,13.78
8/18/2021 5:00,13.63
8/18/2021 5:10,13.17
8/18/2021 5:20,12.98
8/18/2021 5:30,12.73
8/18/2021 5:40,12.49
8/18/2021 5:50,12.39
8/18/2021 6:00,12.47
8/18/2021 6:10,13.17
8/18/2021 6:20,13.55
8/18/2021 6:30,13.64
8/18/2021 6:40,13.67
8/18/2021 6:50,13.74
8/18/2021 7:00,13.52
8/18/2021 7:10,13.39
8/18/2021 7:20,13.24
8/18/2021 7:30,12.82
8/18/2021 7:40,12.51
8/18/2021 7:50,12.35
8/18/2021 8:00,12.2
8/18/2021 8:10,11.8
8/18/2021 8:20,11.71
8/18/2021 8:30,11.61
8/18/2021 8:40,11.41
8/18/2021 8:50,11.43
8/18/2021 9:00,11.47
8/18/2021 9:10,11.49
8/18/2021 9:20,11.59
8/18/2021 9:30,12.21
8/18/2021 9:40,12.59
8/18/2021 9:50,12.9
8/18/2021 10:00,13.05
8/18/2021 10:10,13.13
8/18/2021 10:20,13.11
8/18/2021 10:30,13
8/18/2021 10:40,13.15
8/18/2021 10:50,13.08
8/18/2021 11:00,12.91
8/18/2021 11:10,12.78
8/18/2021 11:20,12.63
8/18/2021 11:30,12.56
8/18/2021 11:40,12.29
8/18/2021 11:50,12.41
8/18/2021 12:00,12.64
8/18/2021 12:10,12.56
8/18/2021 12:20,12.61
8/18/2021 12:30,12.41
8/18/2021 12:40,12.39
8/18/2021 12:50,12.43
8/18/2021 13:00,12.63
8/18/2021 13:10,12.59
8/18/2021 13:20,12.69
8/18/2021 13:30,13.15
8/18/2021 13:40,13.47
8/18/2021 13:50,13.81
8/18/2021 14:00,13.93
8/18/2021 14:10,13.82
8/18/2021 14:20,13.91
8/18/2021 14:30,13.69
8/18/2021 14:40,13.82
8/18/2021 14:50,13.65
8/18/2021 15:00,14.02
8/18/2021 15:10,14.82
8/18/2021 15:20,15.08
8/18/2021 15:30,14.93
8/18/2021 15:40,14.9
8/18/2021 15:50,15.06
8/18/2021 16:00,15.12
8/18/2021 16:10,15.16
8/18/2021 16:20,15.19
8/18/2021 16:30,15.18
8/18/2021 16:40,14.75
8/18/2021 16:50,14.5
8/18/2021 17:00,14.12
8/18/2021 17:10,13.44
8/18/2021 17:20,13.74
8/18/2021 17:30,13.96
8/18/2021 17:40,13.91
8/18/2021 17:50,13.99
8/18/2021 18:00,13.69
8/18/2021 18:10,13.4
8/18/2021 18:20,13.15
8/18/2021 18:30,13.45
8/18/2021 18:40,13.83
8/18/2021 18:50,14.07
8/18/2021 19:00,13.96
8/18/2021 19:10,13.68
8/18/2021 19:20,14.22
8/18/2021 19:30,14.18
8/18/2021 19:40,14.18
8/18/2021 19:50,14.42
8/18/2021 20:00,14.34
8/18/2021 20:10,14.47
8/18/2021 20:20,14.45
8/18/2021 20:30,14.41
8/18/2021 20:40,13.95
8/18/2021 20:50,13.73
8/18/2021 21:00,13.86
8/18/2021 21:10,13.91
8/18/2021 21:20,13.81
8/18/2021 21:30,13.74
8/18/2021 21:40,13.75
8/18/2021 21:50,13.5
8/18/2021 22:00,13.15
8/18/2021 22:10,13.07
8/18/2021 22:20,12.86
8/18/2021 22:30,12.62
8/18/2021 22:40,12.82
8/18/2021 22:50,13.2
8/18/2021 23:00,13.41
8/18/2021 23:10,13.26
8/18/2021 23:20,13.31
8/18/2021 23:30,13.51
8/18/2021 23:40,13.58
8/18/2021 23:50,13.42
19/8/2021,13.58
8/19/2021 0:10,13.46
8/19/2021 0:20,13.57
8/19/2021 0:30,13.71
8/19/2021 0:40,13.95
8/19/2021 0:50,14.18
8/19/2021 1:00,14.05
8/19/2021 1:10,14.03
8/19/2021 1:20,14.03
8/19/2021 1:30,13.9
8/19/2021 1:40,13.65
8/19/2021 1:50,13.2
8/19/2021 2:00,12.86
8/19/2021 2:10,12.41
8/19/2021 2:20,12.32
8/19/2021 2:30,12.27
8/19/2021 2:40,11.97
8/19/2021 2:50,12.11
8/19/2021 3:00,12.39
8/19/2021 3:10,12.44
8/19/2021 3:20,11.96
8/19/2021 3:30,11.56
8/19/2021 3:40,11.29
8/19/2021 3:50,11.39
8/19/2021 4:00,11.32
8/19/2021 4:10,11.4
8/19/2021 4:20,11.23
8/19/2021 4:30,10.65
8/19/2021 4:40,10.17
8/19/2021 4:50,10.04
8/19/2021 5:00,9.98
8/19/2021 5:10,9.75
8/19/2021 5:20,9.71
8/19/2021 5:30,10
8/19/2021 5:40,10.28
8/19/2021 5:50,9.65
8/19/2021 6:00,9.21
8/19/2021 6:10,9.47
8/19/2021 6:20,9.56
8/19/2021 6:30,9.57
8/19/2021 6:40,9.68
8/19/2021 6:50,9.36
8/19/2021 7:00,9.21
8/19/2021 7:10,9.06
8/19/2021 7:20,8.97
8/19/2021 7:30,9.05
8/19/2021 7:40,9.23
8/19/2021 7:50,9.71
8/19/2021 8:00,9.97
8/19/2021 8:10,10.38
8/19/2021 8:20,10.92
8/19/2021 8:30,11.1
8/19/2021 8:40,11.28
8/19/2021 8:50,11.22
8/19/2021 9:00,10.82
8/19/2021 9:10,10.6
8/19/2021 9:20,10.49
8/19/2021 9:30,10.42
8/19/2021 9:40,10.34
8/19/2021 9:50,10.18
8/19/2021 10:00,10.02
8/19/2021 10:10,9.43
8/19/2021 10:20,8.91
8/19/2021 10:30,8.69
8/19/2021 10:40,8.78
8/19/2021 10:50,8.95
8/19/2021 11:00,9.15
8/19/2021 11:10,9.38
8/19/2021 11:20,9.6
8/19/2021 11:30,9.51
8/19/2021 11:40,9.69
8/19/2021 11:50,9.76
8/19/2021 12:00,9.64
8/19/2021 12:10,9.63
8/19/2021 12:20,9.3
8/19/2021 12:30,9.15
8/19/2021 12:40,9.03
8/19/2021 12:50,9.24
8/19/2021 13:00,9.39
8/19/2021 13:10,9.29
8/19/2021 13:20,9.26
8/19/2021 13:30,9.31
8/19/2021 13:40,9.2
8/19/2021 13:50,9.46
8/19/2021 14:00,10.07
8/19/2021 14:10,10.39
8/19/2021 14:20,10.45
8/19/2021 14:30,10.53
8/19/2021 14:40,10.62
8/19/2021 14:50,10.66
8/19/2021 15:00,10.74
8/19/2021 15:10,11
8/19/2021 15:20,11.09
8/19/2021 15:30,11.09
8/19/2021 15:40,11.19
8/19/2021 15:50,11.26
8/19/2021 16:00,11.28
8/19/2021 16:10,11.16
8/19/2021 16:20,11.06
8/19/2021 16:30,11.03
8/19/2021 16:40,10.98
8/19/2021 16:50,11.02
8/19/2021 17:00,11.21
8/19/2021 17:10,11.45
8/19/2021 17:20,11.41
8/19/2021 17:30,11.64
8/19/2021 17:40,11.83
8/19/2021 17:50,11.63
8/19/2021 18:00,11.59
8/19/2021 18:10,11.55
8/19/2021 18:20,11.37
8/19/2021 18:30,11.07
8/19/2021 18:40,11.02
8/19/2021 18:50,10.86
8/19/2021 19:00,10.69
8/19/2021 19:10,10.72
8/19/2021 19:20,10.84
8/19/2021 19:30,10.67
8/19/2021 19:40,10.79
8/19/2021 19:50,10.87
8/19/2021 20:00,11
8/19/2021 20:10,10.99
8/19/2021 20:20,11.01
8/19/2021 20:30,11.03
8/19/2021 20:40,10.96
8/19/2021 20:50,11.07
8/19/2021 21:00,11.15
8/19/2021 21:10,11.14
8/19/2021 21:20,11.24
8/19/2021 21:30,11.17
8/19/2021 21:40,11.26
8/19/2021 21:50,11.29
8/19/2021 22:00,11.27
8/19/2021 22:10,11.3
8/19/2021 22:20,11.32
8/19/2021 22:30,11.05
8/19/2021 22:40,11.12
8/19/2021 22:50,11.24
8/19/2021 23:00,11.3
8/19/2021 23:10,11.52
8/19/2021 23:20,11.76
8/19/2021 23:30,12.05
8/19/2021 23:40,12.09
8/19/2021 23:50,12.15
20/8/2021,12.11
8/20/2021 0:10,12.14
8/20/2021 0:20,12.27
8/20/2021 0:30,12.45
8/20/2021 0:40,12.41
8/20/2021 0:50,12.3
8/20/2021 1:00,12.45
8/20/2021 1:10,12.62
8/20/2021 1:20,12.85
8/20/2021 1:30,12.81
8/20/2021 1:40,13.05
8/20/2021 1:50,12.95
8/20/2021 2:00,12.66
8/20/2021 2:10,12.87
8/20/2021 2:20,12.88
8/20/2021 2:30,12.84
8/20/2021 2:40,12.54
8/20/2021 2:50,12.39
8/20/2021 3:00,12.33
8/20/2021 3:10,12.53
8/20/2021 3:20,12.27
8/20/2021 3:30,12.1
8/20/2021 3:40,12.04
8/20/2021 3:50,12.02
8/20/2021 4:00,12.11
8/20/2021 4:10,11.83
8/20/2021 4:20,11.85
8/20/2021 4:30,11.94
8/20/2021 4:40,12.04
8/20/2021 4:50,12.18
8/20/2021 5:00,12.42
8/20/2021 5:10,12.35
8/20/2021 5:20,12.26
8/20/2021 5:30,11.79
8/20/2021 5:40,11.71
8/20/2021 5:50,11.47
8/20/2021 6:00,11.67
8/20/2021 6:10,11.57
8/20/2021 6:20,11.4
8/20/2021 6:30,10.97
8/20/2021 6:40,10.87
8/20/2021 6:50,10.84
8/20/2021 7:00,10.96
8/20/2021 7:10,11.02
8/20/2021 7:20,11.28
8/20/2021 7:30,11.16
8/20/2021 7:40,10.98
8/20/2021 7:50,10.67
8/20/2021 8:00,10.37
8/20/2021 8:10,10.2
8/20/2021 8:20,10.21
8/20/2021 8:30,10.06
8/20/2021 8:40,9.76
8/20/2021 8:50,9.52
8/20/2021 9:00,9.36
8/20/2021 9:10,9.15
8/20/2021 9:20,9.06
8/20/2021 9:30,8.84
8/20/2021 9:40,8.67
8/20/2021 9:50,8.45
8/20/2021 10:00,8.49
8/20/2021 10:10,8.31
8/20/2021 10:20,8.07
8/20/2021 10:30,8.27
8/20/2021 10:40,8.66
8/20/2021 10:50,8.53
8/20/2021 11:00,8.33
8/20/2021 11:10,8.08
8/20/2021 11:20,8.01
8/20/2021 11:30,8.04
8/20/2021 11:40,7.99
8/20/2021 11:50,8.03
8/20/2021 12:00,8.28
8/20/2021 12:10,8.49
8/20/2021 12:20,8.45
8/20/2021 12:30,8.13
8/20/2021 12:40,7.92
8/20/2021 12:50,7.71
8/20/2021 13:00,7.44
8/20/2021 13:10,7.33
8/20/2021 13:20,7.17
8/20/2021 13:30,7.16
8/20/2021 13:40,7.32
8/20/2021 13:50,7.51
8/20/2021 14:00,7.64
8/20/2021 14:10,7.81
8/20/2021 14:20,7.79
8/20/2021 14:30,7.89
8/20/2021 14:40,7.87
8/20/2021 14:50,7.9
8/20/2021 15:00,7.9
8/20/2021 15:10,7.83
8/20/2021 15:20,8.15
8/20/2021 15:30,8.45
8/20/2021 15:40,8.31
8/20/2021 15:50,8.4
8/20/2021 16:00,8.35
8/20/2021 16:10,8.46
8/20/2021 16:20,8.26
8/20/2021 16:30,8.3
8/20/2021 16:40,8.33
8/20/2021 16:50,8.23
8/20/2021 17:00,8.5
8/20/2021 17:10,8.8
8/20/2021 17:20,8.68
8/20/2021 17:30,8.39
8/20/2021 17:40,8.32
8/20/2021 17:50,8.56
8/20/2021 18:00,8.51
8/20/2021 18:10,8.45
8/20/2021 18:20,8.39
8/20/2021 18:30,8.21
8/20/2021 18:40,8.04
8/20/2021 18:50,8.06
8/20/2021 19:00,8.44
8/20/2021 19:10,8.7
8/20/2021 19:20,8.63
8/20/2021 19:30,8.53
8/20/2021 19:40,8.49
8/20/2021 19:50,8.44
8/20/2021 20:00,8.97
8/20/2021 20:10,9.23
8/20/2021 20:20,9.36
8/20/2021 20:30,9.45
8/20/2021 20:40,9.43
8/20/2021 20:50,9.51
8/20/2021 21:00,9.99
8/20/2021 21:10,10.09
8/20/2021 21:20,10.16
8/20/2021 21:30,10.23
8/20/2021 21:40,10.28
8/20/2021 21:50,10.3
8/20/2021 22:00,10.28
8/20/2021 22:10,10.29
8/20/2021 22:20,10.82
8/20/2021 22:30,10.72
8/20/2021 22:40,10.38
8/20/2021 22:50,10.39
8/20/2021 23:00,10.54
8/20/2021 23:10,10.12
8/20/2021 23:20,9.93
8/20/2021 23:30,9.77
8/20/2021 23:40,9.76
8/20/2021 23:50,9.71
21/8/2021,9.85
8/21/2021 0:10,9.94
8/21/2021 0:20,10.1
8/21/2021 0:30,10.34
8/21/2021 0:40,10.47
8/21/2021 0:50,10.37
8/21/2021 1:00,10.44
8/21/2021 1:10,10.19
8/21/2021 1:20,10.02
8/21/2021 1:30,10.14
8/21/2021 1:40,10.16
8/21/2021 1:50,10.13
8/21/2021 2:00,10.23
8/21/2021 2:10,10
8/21/2021 2:20,10.04
8/21/2021 2:30,10.22
8/21/2021 2:40,10.22
8/21/2021 2:50,10.39
8/21/2021 3:00,10.45
8/21/2021 3:10,10.61
8/21/2021 3:20,10.77
8/21/2021 3:30,10.83
8/21/2021 3:40,10.78
8/21/2021 3:50,10.83
8/21/2021 4:00,10.69
8/21/2021 4:10,10.76
8/21/2021 4:20,10.86
8/21/2021 4:30,10.98
8/21/2021 4:40,11.02
8/21/2021 4:50,11.21
8/21/2021 5:00,11.35
8/21/2021 5:10,11.54
8/21/2021 5:20,11.63
8/21/2021 5:30,11.46
8/21/2021 5:40,11.48
8/21/2021 5:50,11.59
8/21/2021 6:00,11.54
8/21/2021 6:10,11.56
8/21/2021 6:20,11.59
8/21/2021 6:30,11.59
8/21/2021 6:40,11.49
8/21/2021 6:50,11.52
8/21/2021 7:00,11.65
8/21/2021 7:10,11.83
8/21/2021 7:20,11.96
8/21/2021 7:30,12.14
8/21/2021 7:40,12.12
8/21/2021 7:50,11.91
8/21/2021 8:00,11.76
8/21/2021 8:10,11.34
8/21/2021 8:20,11.15
8/21/2021 8:30,11.15
8/21/2021 8:40,10.64
8/21/2021 8:50,10.38
8/21/2021 9:00,10.3
8/21/2021 9:10,9.97
8/21/2021 9:20,9.5
8/21/2021 9:30,9.35
8/21/2021 9:40,9.35
8/21/2021 9:50,9.24
8/21/2021 10:00,9.29
8/21/2021 10:10,9.37
8/21/2021 10:20,9.49
8/21/2021 10:30,9.58
8/21/2021 10:40,9.69
8/21/2021 10:50,9.61
8/21/2021 11:00,9.58
8/21/2021 11:10,9.74
8/21/2021 11:20,10.14
8/21/2021 11:30,10.22
8/21/2021 11:40,10.26
8/21/2021 11:50,10.36
8/21/2021 12:00,10.48
8/21/2021 12:10,10.5
8/21/2021 12:20,10.56
8/21/2021 12:30,10.24
8/21/2021 12:40,10.02
8/21/2021 12:50,10.09
8/21/2021 13:00,9.83
8/21/2021 13:10,9.34
8/21/2021 13:20,8.84
8/21/2021 13:30,8.12
8/21/2021 13:40,7.71
8/21/2021 13:50,7.6
8/21/2021 14:00,7.44
8/21/2021 14:10,7.45
8/21/2021 14:20,7.55
8/21/2021 14:30,7.54
8/21/2021 14:40,7.72
8/21/2021 14:50,7.79
8/21/2021 15:00,7.49
8/21/2021 15:10,7.23
8/21/2021 15:20,7.79
8/21/2021 15:30,7.53
8/21/2021 15:40,6.83
8/21/2021 15:50,6.26
8/21/2021 16:00,6.06
8/21/2021 16:10,6.06
8/21/2021 16:20,6.05
8/21/2021 16:30,6.3
8/21/2021 16:40,6.96
8/21/2021 16:50,6.27
8/21/2021 17:00,6.18
8/21/2021 17:10,6.44
8/21/2021 17:20,6.08
8/21/2021 17:30,5.55
8/21/2021 17:40,5.39
8/21/2021 17:50,5.31
8/21/2021 18:00,5.48
8/21/2021 18:10,5.79
8/21/2021 18:20,6.09
8/21/2021 18:30,5.93
8/21/2021 18:40,5.48
8/21/2021 18:50,5.47
8/21/2021 19:00,5.5
8/21/2021 19:10,5.39
8/21/2021 19:20,5.42
8/21/2021 19:30,5.74
8/21/2021 19:40,6.26
8/21/2021 19:50,6.43
8/21/2021 20:00,6.87
8/21/2021 20:10,7.32
8/21/2021 20:20,7.53
8/21/2021 20:30,7.5
8/21/2021 20:40,7.52
8/21/2021 20:50,7.39
8/21/2021 21:00,7
8/21/2021 21:10,6.37
8/21/2021 21:20,5.73
8/21/2021 21:30,5.12
8/21/2021 21:40,4.58
8/21/2021 21:50,4.56
8/21/2021 22:00,4.86
8/21/2021 22:10,5
8/21/2021 22:20,5.52
8/21/2021 22:30,5.93
8/21/2021 22:40,6.47
8/21/2021 22:50,7.1
8/21/2021 23:00,6.55
8/21/2021 23:10,6.22
8/21/2021 23:20,5.95
8/21/2021 23:30,5.78
8/21/2021 23:40,5.67
8/21/2021 23:50,5.61
22/8/2021,5.45
8/22/2021 0:10,5.37
8/22/2021 0:20,5.28
8/22/2021 0:30,5.38
8/22/2021 0:40,5.54
8/22/2021 0:50,5.46
8/22/2021 1:00,5.28
8/22/2021 1:10,5.22
8/22/2021 1:20,4.95
8/22/2021 1:30,4.63
8/22/2021 1:40,4.47
8/22/2021 1:50,4.46
8/22/2021 2:00,4.71
8/22/2021 2:10,4.62
8/22/2021 2:20,4.59
8/22/2021 2:30,4.71
8/22/2021 2:40,4.64
8/22/2021 2:50,4.67
8/22/2021 3:00,4.71
8/22/2021 3:10,4.66
8/22/2021 3:20,4.76
8/22/2021 3:30,4.9
8/22/2021 3:40,4.88
8/22/2021 3:50,4.92
8/22/2021 4:00,5.04
8/22/2021 4:10,5.27
8/22/2021 4:20,5.57
8/22/2021 4:30,5.64
8/22/2021 4:40,5.68
8/22/2021 4:50,5.62
8/22/2021 5:00,5.57
8/22/2021 5:10,5.6
8/22/2021 5:20,5.44
8/22/2021 5:30,5.45
8/22/2021 5:40,5.51
8/22/2021 5:50,5.5
8/22/2021 6:00,5.58
8/22/2021 6:10,5.79
8/22/2021 6:20,5.98
8/22/2021 6:30,5.8
8/22/2021 6:40,5.63
8/22/2021 6:50,5.42
8/22/2021 7:00,5.32
8/22/2021 7:10,5.56
8/22/2021 7:20,5.85
8/22/2021 7:30,6.21
8/22/2021 7:40,5.96
8/22/2021 7:50,5.51
8/22/2021 8:00,5.23
8/22/2021 8:10,4.91
8/22/2021 8:20,4.52
8/22/2021 8:30,4.36
8/22/2021 8:40,4.66
8/22/2021 8:50,5.02
8/22/2021 9:00,4.93
8/22/2021 9:10,5.03
8/22/2021 9:20,4.94
8/22/2021 9:30,4.71
8/22/2021 9:40,4.45
8/22/2021 9:50,4.53
8/22/2021 10:00,4.73
8/22/2021 10:10,4.8
8/22/2021 10:20,4.91
8/22/2021 10:30,4.85
8/22/2021 10:40,4.7
8/22/2021 10:50,4.59
8/22/2021 11:00,4.53
8/22/2021 11:10,4.28
8/22/2021 11:20,4.11
8/22/2021 11:30,4.14
8/22/2021 11:40,3.88
8/22/2021 11:50,3.57
8/22/2021 12:00,3.16
8/22/2021 12:10,2.84
8/22/2021 12:20,2.56
8/22/2021 12:30,2.51
8/22/2021 12:40,2.7
8/22/2021 12:50,2.83
8/22/2021 13:00,3.05
8/22/2021 13:10,3
8/22/2021 13:20,2.91
8/22/2021 13:30,3.02
8/22/2021 13:40,2.88
8/22/2021 13:50,2.92
8/22/2021 14:00,3.01
8/22/2021 14:10,2.96
8/22/2021 14:20,3.16
8/22/2021 14:30,3.4
8/22/2021 14:40,3.5
8/22/2021 14:50,3.39
8/22/2021 15:00,3.5
8/22/2021 15:10,3.52
8/22/2021 15:20,2.98
8/22/2021 15:30,2.82
8/22/2021 15:40,2.49
8/22/2021 15:50,2.28
8/22/2021 16:00,1.95
8/22/2021 16:10,1.81
8/22/2021 16:20,2.06
8/22/2021 16:30,2.49
8/22/2021 16:40,2.83
8/22/2021 16:50,3
8/22/2021 17:00,3.61
8/22/2021 17:10,5.15
8/22/2021 17:20,6.7
8/22/2021 17:30,6.86
8/22/2021 17:40,6.07
8/22/2021 17:50,6.03
8/22/2021 18:00,6.67
8/22/2021 18:10,6.43
8/22/2021 18:20,5.74
8/22/2021 18:30,6.29
8/22/2021 18:40,6.95
8/22/2021 18:50,7.1
8/22/2021 19:00,6.6
8/22/2021 19:10,6.45
8/22/2021 19:20,6.38
8/22/2021 19:30,6.37
8/22/2021 19:40,6.28
8/22/2021 19:50,6.08
8/22/2021 20:00,5.97
8/22/2021 20:10,5.86
8/22/2021 20:20,5.74
8/22/2021 20:30,6.01
8/22/2021 20:40,6.14
8/22/2021 20:50,5.92
8/22/2021 21:00,5.88
8/22/2021 21:10,6.1
8/22/2021 21:20,6.08
8/22/2021 21:30,6.11
8/22/2021 21:40,5.86
8/22/2021 21:50,5.91
8/22/2021 22:00,5.86
8/22/2021 22:10,6.15
8/22/2021 22:20,6.12
8/22/2021 22:30,5.9
8/22/2021 22:40,5.94
8/22/2021 22:50,6.08
8/22/2021 23:00,5.87
8/22/2021 23:10,5.62
8/22/2021 23:20,5.67
8/22/2021 23:30,5.81
8/22/2021 23:40,6.06
8/22/2021 23:50,6.42
23/8/2021,6.71
8/23/2021 0:10,6.86
8/23/2021 0:20,6.79
8/23/2021 0:30,6.57
8/23/2021 0:40,6.75
8/23/2021 0:50,7.09
8/23/2021 1:00,7.33
8/23/2021 1:10,7.59
8/23/2021 1:20,7.84
8/23/2021 1:30,7.97
8/23/2021 1:40,8
8/23/2021 1:50,7.86
8/23/2021 2:00,7.65
8/23/2021 2:10,7.64
8/23/2021 2:20,7.63
8/23/2021 2:30,7.63
8/23/2021 2:40,7.66
8/23/2021 2:50,7.67
8/23/2021 3:00,7.69
8/23/2021 3:10,7.96
8/23/2021 3:20,8.11
8/23/2021 3:30,7.98
8/23/2021 3:40,8.1
8/23/2021 3:50,8.42
8/23/2021 4:00,8.64
8/23/2021 4:10,8.75
8/23/2021 4:20,9.04
8/23/2021 4:30,9.4
8/23/2021 4:40,9.57
8/23/2021 4:50,9.57
8/23/2021 5:00,9.66
8/23/2021 5:10,9.66
8/23/2021 5:20,9.55
8/23/2021 5:30,9.41
8/23/2021 5:40,9.31
8/23/2021 5:50,9.32
8/23/2021 6:00,9.37
8/23/2021 6:10,9.37
8/23/2021 6:20,9.05
8/23/2021 6:30,8.78
8/23/2021 6:40,8.71
8/23/2021 6:50,8.81
8/23/2021 7:00,8.98
8/23/2021 7:10,9.22
8/23/2021 7:20,9.03
8/23/2021 7:30,8.87
8/23/2021 7:40,8.8
8/23/2021 7:50,8.91
8/23/2021 8:00,9
8/23/2021 8:10,9.08
8/23/2021 8:20,9.13
8/23/2021 8:30,9.03
8/23/2021 8:40,9.05
8/23/2021 8:50,9.07
8/23/2021 9:00,9.17
8/23/2021 9:10,9.16
8/23/2021 9:20,8.99
8/23/2021 9:30,9.04
8/23/2021 9:40,9.13
8/23/2021 9:50,9.14
8/23/2021 10:00,9.64
8/23/2021 10:10,9.56
8/23/2021 10:20,9.55
8/23/2021 10:30,9.7
8/23/2021 10:40,9.86
8/23/2021 10:50,9.64
8/23/2021 11:00,9.63
8/23/2021 11:10,9.57
8/23/2021 11:20,9.17
8/23/2021 11:30,8.85
8/23/2021 11:40,8.71
8/23/2021 11:50,8.86
8/23/2021 12:00,8.99
8/23/2021 12:10,9.11
8/23/2021 12:20,8.95
8/23/2021 12:30,8.75
8/23/2021 12:40,8.62
8/23/2021 12:50,8.38
8/23/2021 13:00,8.38
8/23/2021 13:10,8.35
8/23/2021 13:20,8.1
8/23/2021 13:30,7.74
8/23/2021 13:40,7.79
8/23/2021 13:50,8
8/23/2021 14:00,8.14
8/23/2021 14:10,8.17
8/23/2021 14:20,8.27
8/23/2021 14:30,8.12
8/23/2021 14:40,8.1
8/23/2021 14:50,8.17
8/23/2021 15:00,8.14
8/23/2021 15:10,8.05
8/23/2021 15:20,7.98
8/23/2021 15:30,7.95
8/23/2021 15:40,7.83
8/23/2021 15:50,7.83
8/23/2021 16:00,7.79
8/23/2021 16:10,7.96
8/23/2021 16:20,8.24
8/23/2021 16:30,8.42
8/23/2021 16:40,8.67
8/23/2021 16:50,8.54
8/23/2021 17:00,8.46
8/23/2021 17:10,8.38
8/23/2021 17:20,8.31
8/23/2021 17:30,8.34
8/23/2021 17:40,8.51
8/23/2021 17:50,8.72
8/23/2021 18:00,8.92
8/23/2021 18:10,9
8/23/2021 18:20,9.12
8/23/2021 18:30,9.04
8/23/2021 18:40,9.1
8/23/2021 18:50,9.3
8/23/2021 19:00,9.26
8/23/2021 19:10,9.33
8/23/2021 19:20,9.55
8/23/2021 19:30,9.81
8/23/2021 19:40,9.85
8/23/2021 19:50,9.82
8/23/2021 20:00,9.68
8/23/2021 20:10,9.43
8/23/2021 20:20,9.4
8/23/2021 20:30,9.42
8/23/2021 20:40,9.34
8/23/2021 20:50,9.87
8/23/2021 21:00,9.83
8/23/2021 21:10,9.88
8/23/2021 21:20,9.84
8/23/2021 21:30,9.76
8/23/2021 21:40,9.71
8/23/2021 21:50,9.78
8/23/2021 22:00,9.99
8/23/2021 22:10,10.22
8/23/2021 22:20,10.48
8/23/2021 22:30,10.42
8/23/2021 22:40,10.6
8/23/2021 22:50,10.77
8/23/2021 23:00,11.11
8/23/2021 23:10,11.4
8/23/2021 23:20,11.14
8/23/2021 23:30,11.12
8/23/2021 23:40,11.35
8/23/2021 23:50,11.52
24/8/2021,11.53
8/24/2021 0:10,11.67
8/24/2021 0:20,11.79
8/24/2021 0:30,11.95
8/24/2021 0:40,11.87
8/24/2021 0:50,11.83
8/24/2021 1:00,12.08
8/24/2021 1:10,12.02
8/24/2021 1:20,12.14
8/24/2021 1:30,12.47
8/24/2021 1:40,12.56
8/24/2021 1:50,12.41
8/24/2021 2:00,12.04
8/24/2021 2:10,12.12
8/24/2021 2:20,12
8/24/2021 2:30,12.11
8/24/2021 2:40,12.01
8/24/2021 2:50,11.72
8/24/2021 3:00,11.4
8/24/2021 3:10,11.22
8/24/2021 3:20,11.5
8/24/2021 3:30,11.47
8/24/2021 3:40,11.24
8/24/2021 3:50,11.21
8/24/2021 4:00,10.92
8/24/2021 4:10,10.62
8/24/2021 4:20,10.47
8/24/2021 4:30,10.19
8/24/2021 4:40,10.03
8/24/2021 4:50,10.2
8/24/2021 5:00,10.3
8/24/2021 5:10,10.4
8/24/2021 5:20,10.31
8/24/2021 5:30,10.28
8/24/2021 5:40,10.45
8/24/2021 5:50,10.46
8/24/2021 6:00,10.55
8/24/2021 6:10,10.53
8/24/2021 6:20,10.59
8/24/2021 6:30,10.43
8/24/2021 6:40,10.13
8/24/2021 6:50,10.15
8/24/2021 7:00,10.31
8/24/2021 7:10,10.17
8/24/2021 7:20,9.96
8/24/2021 7:30,9.66
8/24/2021 7:40,9.58
8/24/2021 7:50,9.38
8/24/2021 8:00,9.15
8/24/2021 8:10,8.96
8/24/2021 8:20,8.9
8/24/2021 8:30,8.85
8/24/2021 8:40,9.08
8/24/2021 8:50,9.16
8/24/2021 9:00,9.04
8/24/2021 9:10,9.2
8/24/2021 9:20,8.98
8/24/2021 9:30,9.02
8/24/2021 9:40,8.87
8/24/2021 9:50,8.87
8/24/2021 10:00,8.66
8/24/2021 10:10,8.6
8/24/2021 10:20,8.98
8/24/2021 10:30,8.6
8/24/2021 10:40,8.53
8/24/2021 10:50,8.56
8/24/2021 11:00,8.5
8/24/2021 11:10,8.57
8/24/2021 11:20,8.8
8/24/2021 11:30,8.81
8/24/2021 11:40,8.79
8/24/2021 11:50,8.72
8/24/2021 12:00,8.73
8/24/2021 12:10,8.8
8/24/2021 12:20,8.79
8/24/2021 12:30,8.78
8/24/2021 12:40,8.74
8/24/2021 12:50,9.07
8/24/2021 13:00,9.12
8/24/2021 13:10,9.02
8/24/2021 13:20,9.02
8/24/2021 13:30,9.17
8/24/2021 13:40,9.42
8/24/2021 13:50,9.65
8/24/2021 14:00,9.85
8/24/2021 14:10,9.93
8/24/2021 14:20,9.7
8/24/2021 14:30,9.64
8/24/2021 14:40,9.84
8/24/2021 14:50,10.02
8/24/2021 15:00,9.85
8/24/2021 15:10,9.92
8/24/2021 15:20,10.22
8/24/2021 15:30,10.46
8/24/2021 15:40,10.51
8/24/2021 15:50,10.48
8/24/2021 16:00,10.38
8/24/2021 16:10,10.53
8/24/2021 16:20,10.17
8/24/2021 16:30,10.19
8/24/2021 16:40,10.34
8/24/2021 16:50,10.25
8/24/2021 17:00,10.33
8/24/2021 17:10,10.25
8/24/2021 17:20,10.07
8/24/2021 17:30,10.04
8/24/2021 17:40,10.55
8/24/2021 17:50,10.92
8/24/2021 18:00,10.96
8/24/2021 18:10,10.99
8/24/2021 18:20,11.09
8/24/2021 18:30,11.38
8/24/2021 18:40,11.73
8/24/2021 18:50,11.95
8/24/2021 19:00,11.98
8/24/2021 19:10,11.79
8/24/2021 19:20,11.84
8/24/2021 19:30,11.89
8/24/2021 19:40,11.88
8/24/2021 19:50,11.73
8/24/2021 20:00,11.83
8/24/2021 20:10,11.99
8/24/2021 20:20,11.95
8/24/2021 20:30,11.85
8/24/2021 20:40,11.79
8/24/2021 20:50,11.96
8/24/2021 21:00,12.24
8/24/2021 21:10,12.12
8/24/2021 21:20,11.83
8/24/2021 21:30,11.7
8/24/2021 21:40,11.8
8/24/2021 21:50,11.61
8/24/2021 22:00,11.24
8/24/2021 22:10,11.05
8/24/2021 22:20,11.04
8/24/2021 22:30,10.93
8/24/2021 22:40,10.83
8/24/2021 22:50,10.79
8/24/2021 23:00,10.82
8/24/2021 23:10,10.85
8/24/2021 23:20,10.65
8/24/2021 23:30,10.58
8/24/2021 23:40,10.69
8/24/2021 23:50,10.76
25/8/2021,10.92
8/25/2021 0:10,10.9
8/25/2021 0:20,10.5
8/25/2021 0:30,10.66
8/25/2021 0:40,10.92
8/25/2021 0:50,11.09
8/25/2021 1:00,11.39
8/25/2021 1:10,11.44
8/25/2021 1:20,11.45
8/25/2021 1:30,11.36
8/25/2021 1:40,11.76
8/25/2021 1:50,11.96
8/25/2021 2:00,11.93
8/25/2021 2:10,11.96
8/25/2021 2:20,12
8/25/2021 2:30,12.15
8/25/2021 2:40,12.08
8/25/2021 2:50,12.03
8/25/2021 3:00,12.22
8/25/2021 3:10,12.51
8/25/2021 3:20,12.64
8/25/2021 3:30,12.77
8/25/2021 3:40,12.91
8/25/2021 3:50,12.93
8/25/2021 4:00,12.78
8/25/2021 4:10,12.85
8/25/2021 4:20,12.61
8/25/2021 4:30,12.17
8/25/2021 4:40,11.99
8/25/2021 4:50,11.95
8/25/2021 5:00,11.86
8/25/2021 5:10,11.62
8/25/2021 5:20,11.39
8/25/2021 5:30,11.2
8/25/2021 5:40,10.9
8/25/2021 5:50,10.59
8/25/2021 6:00,10.39
8/25/2021 6:10,10.32
8/25/2021 6:20,9.87
8/25/2021 6:30,9.83
8/25/2021 6:40,9.58
8/25/2021 6:50,9.4
8/25/2021 7:00,9.44
8/25/2021 7:10,9.24
8/25/2021 7:20,9.22
8/25/2021 7:30,9.31
8/25/2021 7:40,9.66
8/25/2021 7:50,9.44
8/25/2021 8:00,9.28
8/25/2021 8:10,9.09
8/25/2021 8:20,9.09
8/25/2021 8:30,9.18
8/25/2021 8:40,9.15
8/25/2021 8:50,9.43
8/25/2021 9:00,9.77
8/25/2021 9:10,9.87
8/25/2021 9:20,10.13
8/25/2021 9:30,10.19
8/25/2021 9:40,9.95
8/25/2021 9:50,9.88
8/25/2021 10:00,10.03
8/25/2021 10:10,10.33
8/25/2021 10:20,10.25
8/25/2021 10:30,10.24
8/25/2021 10:40,9.92
8/25/2021 10:50,10.25
8/25/2021 11:00,10.28
8/25/2021 11:10,10.19
8/25/2021 11:20,10.24
8/25/2021 11:30,10.2
8/25/2021 11:40,9.94
8/25/2021 11:50,9.99
8/25/2021 12:00,9.74
8/25/2021 12:10,9.76
8/25/2021 12:20,9.74
8/25/2021 12:30,9.76
8/25/2021 12:40,9.99
8/25/2021 12:50,9.97
8/25/2021 13:00,10
8/25/2021 13:10,10.45
8/25/2021 13:20,10.5
8/25/2021 13:30,10.28
8/25/2021 13:40,10.01
8/25/2021 13:50,10
8/25/2021 14:00,10.06
8/25/2021 14:10,10.28
8/25/2021 14:20,10.15
8/25/2021 14:30,10.25
8/25/2021 14:40,10.28
8/25/2021 14:50,10.39
8/25/2021 15:00,10.54
8/25/2021 15:10,10.48
8/25/2021 15:20,10.58
8/25/2021 15:30,10.55
8/25/2021 15:40,10.58
8/25/2021 15:50,10.52
8/25/2021 16:00,10.44
8/25/2021 16:10,10.62
8/25/2021 16:20,10.42
8/25/2021 16:30,10.66
8/25/2021 16:40,10.76
8/25/2021 16:50,10.89
8/25/2021 17:00,11.07
8/25/2021 17:10,10.86
8/25/2021 17:20,10.97
8/25/2021 17:30,11.23
8/25/2021 17:40,11.65
8/25/2021 17:50,11.9
8/25/2021 18:00,11.53
8/25/2021 18:10,11.39
8/25/2021 18:20,11.42
8/25/2021 18:30,11.49
8/25/2021 18:40,11.53
8/25/2021 18:50,11.34
8/25/2021 19:00,11.36
8/25/2021 19:10,11.67
8/25/2021 19:20,11.97
8/25/2021 19:30,12
8/25/2021 19:40,12.16
8/25/2021 19:50,12.41
8/25/2021 20:00,12.48
8/25/2021 20:10,12.77
8/25/2021 20:20,12.75
8/25/2021 20:30,12.86
8/25/2021 20:40,12.85
8/25/2021 20:50,12.9
8/25/2021 21:00,13.12
8/25/2021 21:10,12.79
8/25/2021 21:20,12.82
8/25/2021 21:30,12.51
8/25/2021 21:40,12.79
8/25/2021 21:50,12.68
8/25/2021 22:00,12.52
8/25/2021 22:10,12.43
8/25/2021 22:20,12.26
8/25/2021 22:30,12.21
8/25/2021 22:40,11.87
8/25/2021 22:50,11.72
8/25/2021 23:00,11.99
8/25/2021 23:10,12.3
8/25/2021 23:20,12.78
8/25/2021 23:30,12.56
8/25/2021 23:40,12.32
8/25/2021 23:50,12.23
26/8/2021,12.63
8/26/2021 0:10,12.86
8/26/2021 0:20,12.72
8/26/2021 0:30,12.71
8/26/2021 0:40,12.71
8/26/2021 0:50,13.1
8/26/2021 1:00,12.9
8/26/2021 1:10,12.77
8/26/2021 1:20,12.77
8/26/2021 1:30,12.96
8/26/2021 1:40,12.65
8/26/2021 1:50,12.33
8/26/2021 2:00,12.19
8/26/2021 2:10,12.2
8/26/2021 2:20,11.82
8/26/2021 2:30,11.96
8/26/2021 2:40,11.9
8/26/2021 2:50,11.85
8/26/2021 3:00,12.12
8/26/2021 3:10,12.2
8/26/2021 3:20,11.87
8/26/2021 3:30,11.68
8/26/2021 3:40,11.76
8/26/2021 3:50,11.75
8/26/2021 4:00,12.08
8/26/2021 4:10,12.56
8/26/2021 4:20,12.52
8/26/2021 4:30,12.57
8/26/2021 4:40,12.49
8/26/2021 4:50,12.73
8/26/2021 5:00,13.27
8/26/2021 5:10,13.33
8/26/2021 5:20,12.97
8/26/2021 5:30,12.93
8/26/2021 5:40,13.06
8/26/2021 5:50,13.06
8/26/2021 6:00,13.05
8/26/2021 6:10,12.71
8/26/2021 6:20,12.85
8/26/2021 6:30,13.1
8/26/2021 6:40,12.93
8/26/2021 6:50,12.57
8/26/2021 7:00,12.49
8/26/2021 7:10,12.41
8/26/2021 7:20,12.53
8/26/2021 7:30,12.39
8/26/2021 7:40,12.27
8/26/2021 7:50,12.42
8/26/2021 8:00,12.91
8/26/2021 8:10,12.64
8/26/2021 8:20,12.46
8/26/2021 8:30,12.6
8/26/2021 8:40,12.75
8/26/2021 8:50,12.68
8/26/2021 9:00,12.57
8/26/2021 9:10,12.61
8/26/2021 9:20,12.49
8/26/2021 9:30,12.25
8/26/2021 9:40,12.24
8/26/2021 9:50,12.58
8/26/2021 10:00,12.39
8/26/2021 10:10,11.65
8/26/2021 10:20,11.19
8/26/2021 10:30,10.63
8/26/2021 10:40,10.64
8/26/2021 10:50,10.61
8/26/2021 11:00,10.6
8/26/2021 11:10,10.8
8/26/2021 11:20,10.57
8/26/2021 11:30,10.31
8/26/2021 11:40,10.18
8/26/2021 11:50,10.21
8/26/2021 12:00,10.76
8/26/2021 12:10,10.85
8/26/2021 12:20,10.71
8/26/2021 12:30,10.6
8/26/2021 12:40,9.94
8/26/2021 12:50,9.83
8/26/2021 13:00,10.13
8/26/2021 13:10,10.69
8/26/2021 13:20,10.97
8/26/2021 13:30,11.28
8/26/2021 13:40,11.3
8/26/2021 13:50,11.17
8/26/2021 14:00,11.27
8/26/2021 14:10,11.02
8/26/2021 14:20,11.38
8/26/2021 14:30,11.43
8/26/2021 14:40,11.61
8/26/2021 14:50,11.79
8/26/2021 15:00,11.73
8/26/2021 15:10,12.04
8/26/2021 15:20,12.02
8/26/2021 15:30,12.15
8/26/2021 15:40,12.44
8/26/2021 15:50,12.69
8/26/2021 16:00,12.91
8/26/2021 16:10,13.42
8/26/2021 16:20,13.69
8/26/2021 16:30,13.97
8/26/2021 16:40,14.08
8/26/2021 16:50,13.95
8/26/2021 17:00,13.78
8/26/2021 17:10,13.8
8/26/2021 17:20,13.44
8/26/2021 17:30,13.13
8/26/2021 17:40,13.16
8/26/2021 17:50,13.24
8/26/2021 18:00,13.38
8/26/2021 18:10,13.31
8/26/2021 18:20,13.61
8/26/2021 18:30,13.71
8/26/2021 18:40,14.16
8/26/2021 18:50,14.55
8/26/2021 19:00,15.01
8/26/2021 19:10,15.26
8/26/2021 19:20,15.47
8/26/2021 19:30,15.62
8/26/2021 19:40,15.38
8/26/2021 19:50,15.14
8/26/2021 20:00,15
8/26/2021 20:10,14.97
8/26/2021 20:20,15.2
8/26/2021 20:30,15.27
8/26/2021 20:40,15.02
8/26/2021 20:50,15.23
8/26/2021 21:00,15.32
8/26/2021 21:10,15.26
8/26/2021 21:20,14.74
8/26/2021 21:30,14.26
8/26/2021 21:40,14.25
8/26/2021 21:50,14.48
8/26/2021 22:00,14.16
8/26/2021 22:10,14.13
8/26/2021 22:20,13.96
8/26/2021 22:30,13.75
8/26/2021 22:40,13.51
8/26/2021 22:50,13.36
8/26/2021 23:00,13.54
8/26/2021 23:10,13.53
8/26/2021 23:20,13.29
8/26/2021 23:30,13.33
8/26/2021 23:40,13.58
8/26/2021 23:50,13.77
27/8/2021,13.69
8/27/2021 0:10,13.5
8/27/2021 0:20,13.68
8/27/2021 0:30,14.01
8/27/2021 0:40,14.2
8/27/2021 0:50,14.15
8/27/2021 1:00,14.23
8/27/2021 1:10,14.07
8/27/2021 1:20,14.03
8/27/2021 1:30,13.61
8/27/2021 1:40,13.51
8/27/2021 1:50,13.43
8/27/2021 2:00,13.39
8/27/2021 2:10,13.51
8/27/2021 2:20,13.62
8/27/2021 2:30,13.44
8/27/2021 2:40,13.25
8/27/2021 2:50,13.14
8/27/2021 3:00,12.77
8/27/2021 3:10,12.79
8/27/2021 3:20,12.74
8/27/2021 3:30,12.7
8/27/2021 3:40,12.52
8/27/2021 3:50,12.35
8/27/2021 4:00,12.46
8/27/2021 4:10,12.49
8/27/2021 4:20,12.84
8/27/2021 4:30,13.17
8/27/2021 4:40,13.37
8/27/2021 4:50,12.9
8/27/2021 5:00,12.9
8/27/2021 5:10,12.96
8/27/2021 5:20,13.01
8/27/2021 5:30,13.19
8/27/2021 5:40,13.26
8/27/2021 5:50,12.86
8/27/2021 6:00,12.89
8/27/2021 6:10,12.76
8/27/2021 6:20,12.86
8/27/2021 6:30,12.55
8/27/2021 6:40,12.04
8/27/2021 6:50,11.71
8/27/2021 7:00,11.64
8/27/2021 7:10,11.35
8/27/2021 7:20,11.27
8/27/2021 7:30,11.1
8/27/2021 7:40,11.15
8/27/2021 7:50,11.16
8/27/2021 8:00,11.64
8/27/2021 8:10,11.73
8/27/2021 8:20,11.7
8/27/2021 8:30,11.79
8/27/2021 8:40,11.92
8/27/2021 8:50,11.77
8/27/2021 9:00,11.06
8/27/2021 9:10,10.5
8/27/2021 9:20,10.34
8/27/2021 9:30,10.23
8/27/2021 9:40,10.26
8/27/2021 9:50,10.1
8/27/2021 10:00,9.79
8/27/2021 10:10,10.06
8/27/2021 10:20,10.44
8/27/2021 10:30,10.7
8/27/2021 10:40,11.08
8/27/2021 10:50,11.31
8/27/2021 11:00,11.56
8/27/2021 11:10,11.25
8/27/2021 11:20,10.95
8/27/2021 11:30,10.78
8/27/2021 11:40,10.74
8/27/2021 11:50,10.73
8/27/2021 12:00,11.21
8/27/2021 12:10,11.88
8/27/2021 12:20,12.22
8/27/2021 12:30,12.32
8/27/2021 12:40,12.54
8/27/2021 12:50,12.02
8/27/2021 13:00,11.86
8/27/2021 13:10,11.83
8/27/2021 13:20,11.63
8/27/2021 13:30,11.59
8/27/2021 13:40,11.34
8/27/2021 13:50,11.6
8/27/2021 14:00,11.79
8/27/2021 14:10,11.56
8/27/2021 14:20,11.38
8/27/2021 14:30,11.07
8/27/2021 14:40,11.61
8/27/2021 14:50,12.42
8/27/2021 15:00,12.64
8/27/2021 15:10,12.48
8/27/2021 15:20,12.47
8/27/2021 15:30,12.78
8/27/2021 15:40,12.94
8/27/2021 15:50,13.39
8/27/2021 16:00,13.67
8/27/2021 16:10,13.58
8/27/2021 16:20,13.56
8/27/2021 16:30,13.45
8/27/2021 16:40,13.93
8/27/2021 16:50,14.15
8/27/2021 17:00,13.97
8/27/2021 17:10,13.73
8/27/2021 17:20,13.29
8/27/2021 17:30,13.18
8/27/2021 17:40,13.39
8/27/2021 17:50,13.34
8/27/2021 18:00,12.84
8/27/2021 18:10,12.95
8/27/2021 18:20,13.27
8/27/2021 18:30,13.1
8/27/2021 18:40,13.09
8/27/2021 18:50,13.07
8/27/2021 19:00,13.52
8/27/2021 19:10,13.77
8/27/2021 19:20,13.69
8/27/2021 19:30,13.95
8/27/2021 19:40,14.53
8/27/2021 19:50,14.82
8/27/2021 20:00,14.93
8/27/2021 20:10,14.97
8/27/2021 20:20,14.58
8/27/2021 20:30,14.45
8/27/2021 20:40,14.52
8/27/2021 20:50,14.58
8/27/2021 21:00,14.28
8/27/2021 21:10,14.25
8/27/2021 21:20,13.95
8/27/2021 21:30,13.54
8/27/2021 21:40,13.25
8/27/2021 21:50,13.06
8/27/2021 22:00,13.18
8/27/2021 22:10,12.9
8/27/2021 22:20,12.88
8/27/2021 22:30,13.09
8/27/2021 22:40,12.96
8/27/2021 22:50,13.22
8/27/2021 23:00,13.04
8/27/2021 23:10,12.95
8/27/2021 23:20,12.68
8/27/2021 23:30,12.51
8/27/2021 23:40,12.35
8/27/2021 23:50,12.46
28/8/2021,12.62
8/28/2021 0:10,12.6
8/28/2021 0:20,12.88
8/28/2021 0:30,12.99
8/28/2021 0:40,12.79
8/28/2021 0:50,13
8/28/2021 1:00,12.68
8/28/2021 1:10,12.51
8/28/2021 1:20,11.96
8/28/2021 1:30,11.87
8/28/2021 1:40,12.02
8/28/2021 1:50,11.96
8/28/2021 2:00,11.82
8/28/2021 2:10,11.87
8/28/2021 2:20,11.76
8/28/2021 2:30,11.44
8/28/2021 2:40,11.14
8/28/2021 2:50,11.03
8/28/2021 3:00,10.97
8/28/2021 3:10,11.08
8/28/2021 3:20,11.61
8/28/2021 3:30,12.05
8/28/2021 3:40,12.19
8/28/2021 3:50,12.14
8/28/2021 4:00,12.42
8/28/2021 4:10,12.73
8/28/2021 4:20,13.24
8/28/2021 4:30,13.3
8/28/2021 4:40,12.6
8/28/2021 4:50,12.26
8/28/2021 5:00,12.55
8/28/2021 5:10,13.06
8/28/2021 5:20,12.6
8/28/2021 5:30,12.43
8/28/2021 5:40,12.44
8/28/2021 5:50,12.21
8/28/2021 6:00,11.86
8/28/2021 6:10,11.71
8/28/2021 6:20,11.82
8/28/2021 6:30,11.28
8/28/2021 6:40,10.58
8/28/2021 6:50,10.48
8/28/2021 7:00,10.67
8/28/2021 7:10,10.48
8/28/2021 7:20,10.31
8/28/2021 7:30,10.1
8/28/2021 7:40,9.51
8/28/2021 7:50,9.19
8/28/2021 8:00,9.12
8/28/2021 8:10,8.82
8/28/2021 8:20,8.63
8/28/2021 8:30,8.88
8/28/2021 8:40,8.9
8/28/2021 8:50,8.71
8/28/2021 9:00,8.56
8/28/2021 9:10,8.69
8/28/2021 9:20,8.24
8/28/2021 9:30,7.53
8/28/2021 9:40,7.34
8/28/2021 9:50,7.26
8/28/2021 10:00,7.46
8/28/2021 10:10,7.49
8/28/2021 10:20,7.51
8/28/2021 10:30,7.44
8/28/2021 10:40,7.32
8/28/2021 10:50,7.46
8/28/2021 11:00,7.2
8/28/2021 11:10,6.96
8/28/2021 11:20,7.24
8/28/2021 11:30,7.43
8/28/2021 11:40,7.16
8/28/2021 11:50,7.51
8/28/2021 12:00,8.02
8/28/2021 12:10,8.29
8/28/2021 12:20,8.06
8/28/2021 12:30,8.18
8/28/2021 12:40,8.37
8/28/2021 12:50,8.67
8/28/2021 13:00,8.75
8/28/2021 13:10,8.96
8/28/2021 13:20,9.2
8/28/2021 13:30,9.62
8/28/2021 13:40,10.03
8/28/2021 13:50,10.15
8/28/2021 14:00,9.71
8/28/2021 14:10,9.32
8/28/2021 14:20,9.09
8/28/2021 14:30,9.04
8/28/2021 14:40,8.84
8/28/2021 14:50,8.97
8/28/2021 15:00,9.18
8/28/2021 15:10,9.35
8/28/2021 15:20,9.48
8/28/2021 15:30,9.84
8/28/2021 15:40,9.42
8/28/2021 15:50,9.24
8/28/2021 16:00,9.48
8/28/2021 16:10,10.03
8/28/2021 16:20,10.58
8/28/2021 16:30,10.85
8/28/2021 16:40,11.34
8/28/2021 16:50,11.64
8/28/2021 17:00,11.82
8/28/2021 17:10,11.82
8/28/2021 17:20,12.37
8/28/2021 17:30,12.66
8/28/2021 17:40,12.42
8/28/2021 17:50,13.05
8/28/2021 18:00,13.43
8/28/2021 18:10,13.82
8/28/2021 18:20,13.81
8/28/2021 18:30,13.8
8/28/2021 18:40,13.72
8/28/2021 18:50,13.52
8/28/2021 19:00,13.71
8/28/2021 19:10,13.81
8/28/2021 19:20,14.31
8/28/2021 19:30,14.48
8/28/2021 19:40,14.33
8/28/2021 19:50,13.57
8/28/2021 20:00,13.46
8/28/2021 20:10,13.7
8/28/2021 20:20,13.61
8/28/2021 20:30,13.5
8/28/2021 20:40,13.42
8/28/2021 20:50,14.15
8/28/2021 21:00,14.43
8/28/2021 21:10,14.16
8/28/2021 21:20,14.37
8/28/2021 21:30,14.5
8/28/2021 21:40,14.74
8/28/2021 21:50,14.26
8/28/2021 22:00,14
8/28/2021 22:10,13.36
8/28/2021 22:20,12.71
8/28/2021 22:30,12.51
8/28/2021 22:40,12.22
8/28/2021 22:50,12.48
8/28/2021 23:00,12.25
8/28/2021 23:10,11.99
8/28/2021 23:20,11.89
8/28/2021 23:30,11.5
8/28/2021 23:40,11.04
8/28/2021 23:50,11.41
29/8/2021,11.24
8/29/2021 0:10,11.7
8/29/2021 0:20,12.71
8/29/2021 0:30,13.3
8/29/2021 0:40,12.98
8/29/2021 0:50,12.77
8/29/2021 1:00,12.36
8/29/2021 1:10,12.21
8/29/2021 1:20,12.1
8/29/2021 1:30,12.41
8/29/2021 1:40,12.85
8/29/2021 1:50,13.19
8/29/2021 2:00,13.19
8/29/2021 2:10,13.17
8/29/2021 2:20,13.2
8/29/2021 2:30,13.15
8/29/2021 2:40,13.35
8/29/2021 2:50,13.26
8/29/2021 3:00,12.94
8/29/2021 3:10,12.66
8/29/2021 3:20,11.86
8/29/2021 3:30,11.32
8/29/2021 3:40,11.04
8/29/2021 3:50,11.1
8/29/2021 4:00,10.93
8/29/2021 4:10,10.88
8/29/2021 4:20,10.69
8/29/2021 4:30,10.92
8/29/2021 4:40,11.27
8/29/2021 4:50,10.98
8/29/2021 5:00,10.98
8/29/2021 5:10,11.21
8/29/2021 5:20,11.27
8/29/2021 5:30,11.17
8/29/2021 5:40,11.37
8/29/2021 5:50,11.88
8/29/2021 6:00,12.13
8/29/2021 6:10,12.01
8/29/2021 6:20,11.4
8/29/2021 6:30,10.7
8/29/2021 6:40,10.68
8/29/2021 6:50,11.13
8/29/2021 7:00,11.69
8/29/2021 7:10,11.36
8/29/2021 7:20,11.11
8/29/2021 7:30,11.55
8/29/2021 7:40,11.44
8/29/2021 7:50,11.66
8/29/2021 8:00,12.02
8/29/2021 8:10,11.28
8/29/2021 8:20,11.48
8/29/2021 8:30,11.75
8/29/2021 8:40,11.84
8/29/2021 8:50,11.79
8/29/2021 9:00,11.68
8/29/2021 9:10,11.15
8/29/2021 9:20,10.49
8/29/2021 9:30,10.33
8/29/2021 9:40,10.38
8/29/2021 9:50,10.57
8/29/2021 10:00,10.42
8/29/2021 10:10,9.98
8/29/2021 10:20,10.06
8/29/2021 10:30,10.73
8/29/2021 10:40,11.05
8/29/2021 10:50,11.21
8/29/2021 11:00,11.05
8/29/2021 11:10,11.04
8/29/2021 11:20,11.08
8/29/2021 11:30,11.51
8/29/2021 11:40,11.22
8/29/2021 11:50,11.68
8/29/2021 12:00,11.91
8/29/2021 12:10,12.21
8/29/2021 12:20,12.16
8/29/2021 12:30,12.12
8/29/2021 12:40,11.86
8/29/2021 12:50,11.89
8/29/2021 13:00,11.62
8/29/2021 13:10,11.83
8/29/2021 13:20,12.29
8/29/2021 13:30,12.16
8/29/2021 13:40,11.8
8/29/2021 13:50,11.89
8/29/2021 14:00,11.99
8/29/2021 14:10,12.05
8/29/2021 14:20,12.16
8/29/2021 14:30,11.81
8/29/2021 14:40,11.19
8/29/2021 14:50,10.78
8/29/2021 15:00,10.55
8/29/2021 15:10,10.93
8/29/2021 15:20,11.62
8/29/2021 15:30,11.59
8/29/2021 15:40,11.25
8/29/2021 15:50,11.03
8/29/2021 16:00,11.26
8/29/2021 16:10,11.64
8/29/2021 16:20,11.87
8/29/2021 16:30,11.63
8/29/2021 16:40,11.28
8/29/2021 16:50,11.21
8/29/2021 17:00,11.53
8/29/2021 17:10,12.26
8/29/2021 17:20,12.41
8/29/2021 17:30,12.45
8/29/2021 17:40,12.73
8/29/2021 17:50,12.91
8/29/2021 18:00,13.04
8/29/2021 18:10,12.73
8/29/2021 18:20,12.29
8/29/2021 18:30,12.04
8/29/2021 18:40,11.92
8/29/2021 18:50,12.15
8/29/2021 19:00,12.43
8/29/2021 19:10,12.54
8/29/2021 19:20,12.92
8/29/2021 19:30,12.76
8/29/2021 19:40,12.73
8/29/2021 19:50,13.07
8/29/2021 20:00,13.33
8/29/2021 20:10,14.07
8/29/2021 20:20,14.17
8/29/2021 20:30,14.11
8/29/2021 20:40,15.01
8/29/2021 20:50,15.52
8/29/2021 21:00,15.09
8/29/2021 21:10,15.12
8/29/2021 21:20,15.23
8/29/2021 21:30,15.64
8/29/2021 21:40,15.95
8/29/2021 21:50,16.45
8/29/2021 22:00,16.06
8/29/2021 22:10,16.15
8/29/2021 22:20,16.34
8/29/2021 22:30,15.75
8/29/2021 22:40,15.08
8/29/2021 22:50,14.46
8/29/2021 23:00,13.46
8/29/2021 23:10,12.66
8/29/2021 23:20,12.78
8/29/2021 23:30,12.79
8/29/2021 23:40,12.48
8/29/2021 23:50,12.01
30/8/2021,11.44
8/30/2021 0:10,12.47
8/30/2021 0:20,12.31
8/30/2021 0:30,11.36
8/30/2021 0:40,10.83
8/30/2021 0:50,11.21
8/30/2021 1:00,11.75
8/30/2021 1:10,11.21
8/30/2021 1:20,10.9
8/30/2021 1:30,10.84
8/30/2021 1:40,10.69
8/30/2021 1:50,10.64
8/30/2021 2:00,11.34
8/30/2021 2:10,11.78
8/30/2021 2:20,11.12
8/30/2021 2:30,10.64
8/30/2021 2:40,10.86
8/30/2021 2:50,11.1
8/30/2021 3:00,11.7
8/30/2021 3:10,11.7
8/30/2021 3:20,11.13
8/30/2021 3:30,10.93
8/30/2021 3:40,10.3
8/30/2021 3:50,9.77
8/30/2021 4:00,9.33
8/30/2021 4:10,8.86
8/30/2021 4:20,8.04
8/30/2021 4:30,7.91
8/30/2021 4:40,8.48
8/30/2021 4:50,9.59
8/30/2021 5:00,10.21
8/30/2021 5:10,10.12
8/30/2021 5:20,9.88
8/30/2021 5:30,9.61
8/30/2021 5:40,9.66
8/30/2021 5:50,9.51
8/30/2021 6:00,9.31
8/30/2021 6:10,9
8/30/2021 6:20,9.07
8/30/2021 6:30,8.57
8/30/2021 6:40,8.25
8/30/2021 6:50,8.97
8/30/2021 7:00,9.53
8/30/2021 7:10,9.39
8/30/2021 7:20,8.97
8/30/2021 7:30,8.48
8/30/2021 7:40,8.42
8/30/2021 7:50,8.43
8/30/2021 8:00,8.39
8/30/2021 8:10,8.28
8/30/2021 8:20,7.77
8/30/2021 8:30,7.05
8/30/2021 8:40,6.47
8/30/2021 8:50,6.75
8/30/2021 9:00,7.09
8/30/2021 9:10,7.65
8/30/2021 9:20,8.09
8/30/2021 9:30,7.98
8/30/2021 9:40,7.71
8/30/2021 9:50,7.62
8/30/2021 10:00,7.68
8/30/2021 10:10,8.08
8/30/2021 10:20,8.39
8/30/2021 10:30,8.22
8/30/2021 10:40,8.23
8/30/2021 10:50,8.03
8/30/2021 11:00,8.17
8/30/2021 11:10,8.13
8/30/2021 11:20,8.55
8/30/2021 11:30,8.59
8/30/2021 11:40,8.64
8/30/2021 11:50,8.67
8/30/2021 12:00,8.53
8/30/2021 12:10,8.8
8/30/2021 12:20,8.93
8/30/2021 12:30,8.62
8/30/2021 12:40,8.58
8/30/2021 12:50,8.14
8/30/2021 13:00,8.04
8/30/2021 13:10,7.86
8/30/2021 13:20,7.88
8/30/2021 13:30,8.5
8/30/2021 13:40,8.75
8/30/2021 13:50,9.13
8/30/2021 14:00,9.95
8/30/2021 14:10,10.46
8/30/2021 14:20,10.24
8/30/2021 14:30,10.15
8/30/2021 14:40,10.15
8/30/2021 14:50,9.67
8/30/2021 15:00,9.38
8/30/2021 15:10,9.16
8/30/2021 15:20,8.99
8/30/2021 15:30,9.27
8/30/2021 15:40,9.72
8/30/2021 15:50,9.81
8/30/2021 16:00,10.06
8/30/2021 16:10,10.14
8/30/2021 16:20,9.78
8/30/2021 16:30,9.56
8/30/2021 16:40,9.99
8/30/2021 16:50,10.89
8/30/2021 17:00,10.96
8/30/2021 17:10,11.01
8/30/2021 17:20,11.07
8/30/2021 17:30,10.82
8/30/2021 17:40,10.74
8/30/2021 17:50,10.99
8/30/2021 18:00,11.31
8/30/2021 18:10,10.84
8/30/2021 18:20,10.58
8/30/2021 18:30,10.4
8/30/2021 18:40,10.15
8/30/2021 18:50,10.34
8/30/2021 19:00,10.73
8/30/2021 19:10,11.12
8/30/2021 19:20,11.27
8/30/2021 19:30,11.06
8/30/2021 19:40,10.82
8/30/2021 19:50,10.91
8/30/2021 20:00,10.61
8/30/2021 20:10,10.54
8/30/2021 20:20,10.48
8/30/2021 20:30,10.5
8/30/2021 20:40,10.38
8/30/2021 20:50,10.16
8/30/2021 21:00,9.99
8/30/2021 21:10,9.63
8/30/2021 21:20,9.36
8/30/2021 21:30,8.54
8/30/2021 21:40,8.58
8/30/2021 21:50,8.52
8/30/2021 22:00,8.51
8/30/2021 22:10,8.34
8/30/2021 22:20,8.15
8/30/2021 22:30,8.14
8/30/2021 22:40,8.15
8/30/2021 22:50,8.02
8/30/2021 23:00,7.9
8/30/2021 23:10,7.81
8/30/2021 23:20,7.7
8/30/2021 23:30,7.52
8/30/2021 23:40,7.13
8/30/2021 23:50,7.23
8/31/2021 0:00,7.53
8/31/2021 0:10,7.69
8/31/2021 0:20,7.71
8/31/2021 0:30,8
8/31/2021 0:40,8.13
8/31/2021 0:50,8.15
8/31/2021 1:00,8.26
8/31/2021 1:10,8.83
8/31/2021 1:20,9.15
8/31/2021 1:30,9.06
8/31/2021 1:40,9.02
8/31/2021 1:50,8.72
8/31/2021 2:00,8.5
8/31/2021 2:10,8.33
8/31/2021 2:20,8.43
8/31/2021 2:30,8.32
8/31/2021 2:40,8.24
8/31/2021 2:50,8.62
8/31/2021 3:00,8.85
8/31/2021 3:10,8.87
8/31/2021 3:20,9
8/31/2021 3:30,9.24
8/31/2021 3:40,9.07
8/31/2021 3:50,8.99
8/31/2021 4:00,9.09
8/31/2021 4:10,9.18
8/31/2021 4:20,8.99
8/31/2021 4:30,9.28
8/31/2021 4:40,9.68
8/31/2021 4:50,9.77
8/31/2021 5:00,9.77
8/31/2021 5:10,9.46
8/31/2021 5:20,9.06
8/31/2021 5:30,9.14
8/31/2021 5:40,8.74
8/31/2021 5:50,8.5
8/31/2021 6:00,8.33
8/31/2021 6:10,8.26
8/31/2021 6:20,8.37
8/31/2021 6:30,8.38
8/31/2021 6:40,8.18
8/31/2021 6:50,8.01
8/31/2021 7:00,8.1
8/31/2021 7:10,8.43
8/31/2021 7:20,8.6
8/31/2021 7:30,8.68
8/31/2021 7:40,8.96
8/31/2021 7:50,9.25
8/31/2021 8:00,9.25
8/31/2021 8:10,9.03
8/31/2021 8:20,9.07
8/31/2021 8:30,8.95
8/31/2021 8:40,8.78
8/31/2021 8:50,8.72
8/31/2021 9:00,8.86
8/31/2021 9:10,8.98
8/31/2021 9:20,9.11
8/31/2021 9:30,9.25
8/31/2021 9:40,9.6
8/31/2021 9:50,9.66
8/31/2021 10:00,9.66
8/31/2021 10:10,10.03
8/31/2021 10:20,10.03
8/31/2021 10:30,9.79
8/31/2021 10:40,9.91
8/31/2021 10:50,9.86
8/31/2021 11:00,9.68
8/31/2021 11:10,9.72
8/31/2021 11:20,9.72
8/31/2021 11:30,9.91
8/31/2021 11:40,10.06
8/31/2021 11:50,10.15
8/31/2021 12:00,10.12
8/31/2021 12:10,9.91
8/31/2021 12:20,9.84
8/31/2021 12:30,9.86
8/31/2021 12:40,9.68
8/31/2021 12:50,9.46
8/31/2021 13:00,9.21
8/31/2021 13:10,9.17
8/31/2021 13:20,9.18
8/31/2021 13:30,9.22
8/31/2021 13:40,9.18
8/31/2021 13:50,9.15
8/31/2021 14:00,9.19
8/31/2021 14:10,9.17
8/31/2021 14:20,9.11
8/31/2021 14:30,9.03
8/31/2021 14:40,8.96
8/31/2021 14:50,8.89
8/31/2021 15:00,8.96
8/31/2021 15:10,9.44
8/31/2021 15:20,9.9
8/31/2021 15:30,10.26
8/31/2021 15:40,10.53
8/31/2021 15:50,10.67
8/31/2021 16:00,11.02
8/31/2021 16:10,11.16
8/31/2021 16:20,11.28
8/31/2021 16:30,11.32
8/31/2021 16:40,11.38
8/31/2021 16:50,11.21
8/31/2021 17:00,11.26
8/31/2021 17:10,11.51
8/31/2021 17:20,11.38
8/31/2021 17:30,11.5
8/31/2021 17:40,11.8
8/31/2021 17:50,12.04
8/31/2021 18:00,12.05
8/31/2021 18:10,12.28
8/31/2021 18:20,12.24
8/31/2021 18:30,12.25
8/31/2021 18:40,12.28
8/31/2021 18:50,11.9
8/31/2021 19:00,12.21
8/31/2021 19:10,12.29
8/31/2021 19:20,12.5
8/31/2021 19:30,12.46
8/31/2021 19:40,12.42
8/31/2021 19:50,12.42
8/31/2021 20:00,12.39
8/31/2021 20:10,12.36
8/31/2021 20:20,11.98
8/31/2021 20:30,11.58
8/31/2021 20:40,11.05
8/31/2021 20:50,10.85
8/31/2021 21:00,10.64
8/31/2021 21:10,10.84
8/31/2021 21:20,11.41
8/31/2021 21:30,12.05
8/31/2021 21:40,11.9
8/31/2021 21:50,11.98
8/31/2021 22:00,12.11
8/31/2021 22:10,12.31
8/31/2021 22:20,12.27
8/31/2021 22:30,11.99
8/31/2021 22:40,11.66
8/31/2021 22:50,11.85
8/31/2021 23:00,12.04
8/31/2021 23:10,12
8/31/2021 23:20,11.62
8/31/2021 23:30,11.16
8/31/2021 23:40,10.66
8/31/2021 23:50,10.9
9/1/2021,10.95
